location,recording_date,recording_time,latitude,longitude,species_code,ALFL,AMGO,AMPI,AMRE,AMRO,BAWW,BBWA,BCCH,BCFR,BHCO,BHVI,BLJA,BLPW,BOCH,BRCR,BRSP,BTNW,CAJA,CAWA,CCSP,CEDW,CHSP,CICA,CMWA,CONW,CORA,COWW,COYE,COYT,DEJU,DOGG,EAPH,EVGR,FOSP,GCKI,GRSP,HENO,HETH,HEWI,HOWR,LCSP,LEFL,LIBA,LINO,LIRA,LISP,LITF,LIWI,MAWA,MOBA,MOCH,MONO,MORA,MOTF,MOWA,MOWI,NAWA,NESP,NLFR,NONE,NOWA,OCWA,OSFL,OVEN,PAWA,PHVI,PISI,RBGR,RBNU,RCKI,RESQ,REVI,RWBL,SAVS,SEWR,SOSP,SWSP,SWTH,TEWA,TRES,VATH,VEER,VESP,WAVI,WCSP,WEME,WETA,WEWP,WIWA,WOFR,WOLF,WTDE,WTSP,WWCR,YBFL,YEWA,YHBL,YRWA
A-RD-19-48,2021-05-29,22:00:00,55.23235,-113.406758,"['BCFR', 'CANG', 'WTSP', 'YRWA', 'WIWR', 'AMRE', 'AMWI', 'OVEN', 'YEWA', 'WTSP', 'RUGR', 'OVEN', 'MALL', 'WISN', 'VESP', 'UNDU', 'YRWA', 'CHSP']",0,0,0,1,0,0,0,0,1,0,0,0,0,0,0,0,0,0,0,0,0,1,0,0,0,0,0,0,0,0,0,0,0,0,0,0,0,0,0,0,0,0,0,0,0,0,0,0,0,0,0,0,0,0,0,0,0,0,0,0,0,0,0,2,0,0,0,0,0,0,0,0,0,0,0,0,0,0,0,0,0,0,1,0,0,0,0,0,0,0,0,0,2,0,0,1,0,2
A-RD-20-1,2021-06-03,22:00:00,55.01584,-111.693891,"['BCFR', 'TEWA', 'WTSP', 'RWBL', 'AMRO', 'WTSP', 'RCKI', 'BRSP', 'NLFR', 'TEWA', 'COYE', 'UNBI', 'WOLF', 'UNBI']",0,0,0,0,1,0,0,0,1,0,0,0,0,0,0,1,0,0,0,0,0,0,0,0,0,0,0,1,0,0,0,0,0,0,0,0,0,0,0,0,0,0,0,0,0,0,0,0,0,0,0,0,0,0,0,0,0,0,1,0,0,0,0,0,0,0,0,0,0,1,0,0,1,0,0,0,0,0,2,0,0,0,0,0,0,0,0,0,0,0,1,0,2,0,0,0,0,0
A-RD-21-18,2021-07-01,22:40:00,55.7801,-119.715902,"['SWTH', 'RWBL', 'WISN', 'RWBL', 'RWBL', 'WISN', 'DEJU', 'OSFL', 'SWTH', 'SWTH', 'WEWP', 'WIWA', 'WISN', 'WTSP', 'UNWA', 'YRWA']",0,0,0,0,0,0,0,0,0,0,0,0,0,0,0,0,0,0,0,0,0,0,0,0,0,0,0,0,0,1,0,0,0,0,0,0,0,0,0,0,0,0,0,0,0,0,0,0,0,0,0,0,0,0,0,0,0,0,0,0,0,0,1,0,0,0,0,0,0,0,0,0,3,0,0,0,0,3,0,0,0,0,0,0,0,0,0,1,1,0,0,0,1,0,0,0,0,1
A-RD-30-35,2021-06-18,05:40:00,58.34981,-119.508901,"['AMRO', 'MAWA', 'ALFL', 'UNBI', 'WWCR', 'CHSP']",1,0,0,0,1,0,0,0,0,0,0,0,0,0,0,0,0,0,0,0,0,1,0,0,0,0,0,0,0,0,0,0,0,0,0,0,0,0,0,0,0,0,0,0,0,0,0,0,1,0,0,0,0,0,0,0,0,0,0,0,0,0,0,0,0,0,0,0,0,0,0,0,0,0,0,0,0,0,0,0,0,0,0,0,0,0,0,0,0,0,0,0,0,1,0,0,0,0
F-E0-16-5,2021-06-15,05:00:00,54.61517,-110.781515,"['BCFR', 'RWBL', 'RWBL', 'LCSP', 'UNBI', 'SORA', 'LCSP', 'SORA']",0,0,0,0,0,0,0,0,1,0,0,0,0,0,0,0,0,0,0,0,0,0,0,0,0,0,0,0,0,0,0,0,0,0,0,0,0,0,0,0,2,0,0,0,0,0,0,0,0,0,0,0,0,0,0,0,0,0,0,0,0,0,0,0,0,0,0,0,0,0,0,0,2,0,0,0,0,0,0,0,0,0,0,0,0,0,0,0,0,0,0,0,0,0,0,0,0,0
F-LT-22-23,2021-06-21,05:00:00,56.29243,-116.822983,"['YEWA', 'HENO', 'RWBL', 'AMPI', 'REVI', 'YEWA', 'LISP', 'WTSP']",0,0,1,0,0,0,0,0,0,0,0,0,0,0,0,0,0,0,0,0,0,0,0,0,0,0,0,0,0,0,0,0,0,0,0,0,1,0,0,0,0,0,0,0,0,1,0,0,0,0,0,0,0,0,0,0,0,0,0,0,0,0,0,0,0,0,0,0,0,0,0,1,1,0,0,0,0,0,0,0,0,0,0,0,0,0,0,0,0,0,0,0,1,0,0,2,0,0
F-LT-23-32,2021-06-08,05:20:00,56.05746,-115.370222,"['WETA', 'REVI', 'WTSP', 'OVEN', 'WTSP', 'UNPA', 'WTSP', 'BCCH', 'TEWA', 'RWBL']",0,0,0,0,0,0,0,1,0,0,0,0,0,0,0,0,0,0,0,0,0,0,0,0,0,0,0,0,0,0,0,0,0,0,0,0,0,0,0,0,0,0,0,0,0,0,0,0,0,0,0,0,0,0,0,0,0,0,0,0,0,0,0,1,0,0,0,0,0,0,0,1,1,0,0,0,0,0,1,0,0,0,0,0,0,0,1,0,0,0,0,0,3,0,0,0,0,0
F-LT-33-5,2021-07-02,22:40:00,58.58321,-114.68903,['LCSP'],0,0,0,0,0,0,0,0,0,0,0,0,0,0,0,0,0,0,0,0,0,0,0,0,0,0,0,0,0,0,0,0,0,0,0,0,0,0,0,0,1,0,0,0,0,0,0,0,0,0,0,0,0,0,0,0,0,0,0,0,0,0,0,0,0,0,0,0,0,0,0,0,0,0,0,0,0,0,0,0,0,0,0,0,0,0,0,0,0,0,0,0,0,0,0,0,0,0
F-LT-5-99,2021-06-23,05:40:00,51.50587,-115.159035,"['LINO', 'AMRO', 'HOWR', 'PISI', 'VATH', 'SWTH', 'YRWA', 'YRWA', 'SWTH', 'AMRO', 'UNBI']",0,0,0,0,2,0,0,0,0,0,0,0,0,0,0,0,0,0,0,0,0,0,0,0,0,0,0,0,0,0,0,0,0,0,0,0,0,0,0,1,0,0,0,1,0,0,0,0,0,0,0,0,0,0,0,0,0,0,0,0,0,0,0,0,0,0,1,0,0,0,0,0,0,0,0,0,0,2,0,0,1,0,0,0,0,0,0,0,0,0,0,0,0,0,0,0,0,2
F-P10-19-110,2021-05-31,22:00:00,55.26302,-113.476754,"['TEWA', 'AMRO', 'WTSP', 'WTSP', 'TEWA', 'OVEN', 'WTSP', 'UNPA', 'SWTH', 'WTSP', 'AMRE', 'TEWA', 'TEWA']",0,0,0,1,1,0,0,0,0,0,0,0,0,0,0,0,0,0,0,0,0,0,0,0,0,0,0,0,0,0,0,0,0,0,0,0,0,0,0,0,0,0,0,0,0,0,0,0,0,0,0,0,0,0,0,0,0,0,0,0,0,0,0,1,0,0,0,0,0,0,0,0,0,0,0,0,0,1,4,0,0,0,0,0,0,0,0,0,0,0,0,0,4,0,0,0,0,0
F-P125-16-70,2021-06-21,22:20:00,54.68841,-110.521872,"['UNKN', 'CONI']",0,0,0,0,0,0,0,0,0,0,0,0,0,0,0,0,0,0,0,0,0,0,0,0,0,0,0,0,0,0,0,0,0,0,0,0,0,0,0,0,0,0,0,0,0,0,0,0,0,0,0,0,0,0,0,0,0,0,0,0,0,0,0,0,0,0,0,0,0,0,0,0,0,0,0,0,0,0,0,0,0,0,0,0,0,0,0,0,0,0,0,0,0,0,0,0,0,0
H-CC-10-45,2021-06-04,22:00:00,53.73392,-118.3246,"['SWTH', 'SWTH', 'SWTH', 'UNBI', 'SWTH', 'RESQ', 'UNKN', 'YBFL', 'DEJU', 'PISI']",0,0,0,0,0,0,0,0,0,0,0,0,0,0,0,0,0,0,0,0,0,0,0,0,0,0,0,0,0,1,0,0,0,0,0,0,0,0,0,0,0,0,0,0,0,0,0,0,0,0,0,0,0,0,0,0,0,0,0,0,0,0,0,0,0,0,1,0,0,0,1,0,0,0,0,0,0,4,0,0,0,0,0,0,0,0,0,0,0,0,0,0,0,0,1,0,0,0
H-CC-22-33,2021-06-23,22:40:00,56.30029,-116.730363,"['SWTH', 'WTSP', 'HETH', 'OVEN', 'CONI', 'WTSP']",0,0,0,0,0,0,0,0,0,0,0,0,0,0,0,0,0,0,0,0,0,0,0,0,0,0,0,0,0,0,0,0,0,0,0,0,0,1,0,0,0,0,0,0,0,0,0,0,0,0,0,0,0,0,0,0,0,0,0,0,0,0,0,1,0,0,0,0,0,0,0,0,0,0,0,0,0,1,0,0,0,0,0,0,0,0,0,0,0,0,0,0,2,0,0,0,0,0
H-CC-22-35,2021-06-22,05:00:00,56.30295,-116.712293,"['CHSP', 'REVI', 'WIWR', 'ALFL', 'OSFL', 'SWTH', 'WTSP', 'LISP', 'CCSP', 'WTSP', 'SWTH', 'ALFL']",2,0,0,0,0,0,0,0,0,0,0,0,0,0,0,0,0,0,0,1,0,1,0,0,0,0,0,0,0,0,0,0,0,0,0,0,0,0,0,0,0,0,0,0,0,1,0,0,0,0,0,0,0,0,0,0,0,0,0,0,0,0,1,0,0,0,0,0,0,0,0,1,0,0,0,0,0,2,0,0,0,0,0,0,0,0,0,0,0,0,0,0,2,0,0,0,0,0
H-CC-30-24,2021-06-25,22:00:00,58.315,-119.623737,"['UNBI', 'WTSP', 'UNPA']",0,0,0,0,0,0,0,0,0,0,0,0,0,0,0,0,0,0,0,0,0,0,0,0,0,0,0,0,0,0,0,0,0,0,0,0,0,0,0,0,0,0,0,0,0,0,0,0,0,0,0,0,0,0,0,0,0,0,0,0,0,0,0,0,0,0,0,0,0,0,0,0,0,0,0,0,0,0,0,0,0,0,0,0,0,0,0,0,0,0,0,0,1,0,0,0,0,0
H-CC-30-56,2021-06-24,05:40:00,58.40947,-119.438494,"['REVI', 'TEWA', 'TEWA', 'TEWA', 'TEWA', 'REVI', 'WTSP', 'SWTH', 'RUGR', 'HETH', 'WTSP']",0,0,0,0,0,0,0,0,0,0,0,0,0,0,0,0,0,0,0,0,0,0,0,0,0,0,0,0,0,0,0,0,0,0,0,0,0,1,0,0,0,0,0,0,0,0,0,0,0,0,0,0,0,0,0,0,0,0,0,0,0,0,0,0,0,0,0,0,0,0,0,2,0,0,0,0,0,1,4,0,0,0,0,0,0,0,0,0,0,0,0,0,2,0,0,0,0,0
H-CC-33-42,2021-07-01,22:40:00,58.59335,-114.539343,"['HETH', 'HETH', 'WTSP', 'OVEN']",0,0,0,0,0,0,0,0,0,0,0,0,0,0,0,0,0,0,0,0,0,0,0,0,0,0,0,0,0,0,0,0,0,0,0,0,0,2,0,0,0,0,0,0,0,0,0,0,0,0,0,0,0,0,0,0,0,0,0,0,0,0,0,1,0,0,0,0,0,0,0,0,0,0,0,0,0,0,0,0,0,0,0,0,0,0,0,0,0,0,0,0,1,0,0,0,0,0
H-CC-6-47,2021-06-17,22:40:00,52.18268,-115.342509,"['WISN', 'AMRO', 'SWTH', 'AMRO']",0,0,0,0,2,0,0,0,0,0,0,0,0,0,0,0,0,0,0,0,0,0,0,0,0,0,0,0,0,0,0,0,0,0,0,0,0,0,0,0,0,0,0,0,0,0,0,0,0,0,0,0,0,0,0,0,0,0,0,0,0,0,0,0,0,0,0,0,0,0,0,0,0,0,0,0,0,1,0,0,0,0,0,0,0,0,0,0,0,0,0,0,0,0,0,0,0,0
H-E0-22-41,2021-06-23,05:20:00,56.30759,-116.707296,"['REVI', 'DEJU', 'DEJU', 'YRWA', 'DEJU', 'UNPA', 'UNBI', 'WTSP', 'UNPA', 'REVI', 'WTSP', 'DEJU']",0,0,0,0,0,0,0,0,0,0,0,0,0,0,0,0,0,0,0,0,0,0,0,0,0,0,0,0,0,4,0,0,0,0,0,0,0,0,0,0,0,0,0,0,0,0,0,0,0,0,0,0,0,0,0,0,0,0,0,0,0,0,0,0,0,0,0,0,0,0,0,2,0,0,0,0,0,0,0,0,0,0,0,0,0,0,0,0,0,0,0,0,2,0,0,0,0,1
H-E0-27-37,2021-06-16,05:20:00,56.63833,-119.976494,"['CAJA', 'CAJA', 'DEJU', 'CAJA', 'UNPA', 'SWTH', 'LEFL', 'NONE']",0,0,0,0,0,0,0,0,0,0,0,0,0,0,0,0,0,3,0,0,0,0,0,0,0,0,0,0,0,1,0,0,0,0,0,0,0,0,0,0,0,1,0,0,0,0,0,0,0,0,0,0,0,0,0,0,0,0,0,1,0,0,0,0,0,0,0,0,0,0,0,0,0,0,0,0,0,1,0,0,0,0,0,0,0,0,0,0,0,0,0,0,0,0,0,0,0,0
H-E0-3-26,2021-06-23,22:00:00,49.9946,-114.494357,"['WCSP', 'SWTH', 'UNAM', 'SWTH', 'AMRO', 'VEER']",0,0,0,0,1,0,0,0,0,0,0,0,0,0,0,0,0,0,0,0,0,0,0,0,0,0,0,0,0,0,0,0,0,0,0,0,0,0,0,0,0,0,0,0,0,0,0,0,0,0,0,0,0,0,0,0,0,0,0,0,0,0,0,0,0,0,0,0,0,0,0,0,0,0,0,0,0,2,0,0,0,1,0,0,1,0,0,0,0,0,0,0,0,0,0,0,0,0
H-E0-3-56,2021-06-19,22:40:00,50.04606,-114.562365,['CICA'],0,0,0,0,0,0,0,0,0,0,0,0,0,0,0,0,0,0,0,0,0,0,1,0,0,0,0,0,0,0,0,0,0,0,0,0,0,0,0,0,0,0,0,0,0,0,0,0,0,0,0,0,0,0,0,0,0,0,0,0,0,0,0,0,0,0,0,0,0,0,0,0,0,0,0,0,0,0,0,0,0,0,0,0,0,0,0,0,0,0,0,0,0,0,0,0,0,0
H-E0-30-19,2021-06-23,22:20:00,58.28437,-119.365354,"['SWTH', 'OVEN', 'SWTH', 'WTSP', 'SWTH', 'TEWA', 'TEWA', 'TEWA']",0,0,0,0,0,0,0,0,0,0,0,0,0,0,0,0,0,0,0,0,0,0,0,0,0,0,0,0,0,0,0,0,0,0,0,0,0,0,0,0,0,0,0,0,0,0,0,0,0,0,0,0,0,0,0,0,0,0,0,0,0,0,0,1,0,0,0,0,0,0,0,0,0,0,0,0,0,3,3,0,0,0,0,0,0,0,0,0,0,0,0,0,1,0,0,0,0,0
H-E0-30-46,2021-06-20,05:40:00,58.40278,-119.436574,"['UNAM', 'WTSP', 'OVEN', 'OVEN', 'WAVI', 'HETH', 'UNYE', 'PHVI']",0,0,0,0,0,0,0,0,0,0,0,0,0,0,0,0,0,0,0,0,0,0,0,0,0,0,0,0,0,0,0,0,0,0,0,0,0,1,0,0,0,0,0,0,0,0,0,0,0,0,0,0,0,0,0,0,0,0,0,0,0,0,0,2,0,1,0,0,0,0,0,0,0,0,0,0,0,0,0,0,0,0,0,1,0,0,0,0,0,0,0,0,1,0,0,0,0,0
H-E0-31-37,2021-05-28,22:20:00,57.90205,-115.541701,"['SWTH', 'WTSP', 'AMRO', 'OVEN', 'WTSP', 'SWTH', 'WTSP', 'OVEN', 'MAWA', 'OVEN', 'CHSP', 'TEWA', 'TEWA']",0,0,0,0,1,0,0,0,0,0,0,0,0,0,0,0,0,0,0,0,0,1,0,0,0,0,0,0,0,0,0,0,0,0,0,0,0,0,0,0,0,0,0,0,0,0,0,0,1,0,0,0,0,0,0,0,0,0,0,0,0,0,0,3,0,0,0,0,0,0,0,0,0,0,0,0,0,2,2,0,0,0,0,0,0,0,0,0,0,0,0,0,3,0,0,0,0,0
H-E0-31-51,2021-05-31,05:20:00,57.87481,-115.543003,"['TEWA', 'WTSP', 'SWTH', 'RESQ', 'UNBI', 'PHVI', 'TEWA', 'OVEN']",0,0,0,0,0,0,0,0,0,0,0,0,0,0,0,0,0,0,0,0,0,0,0,0,0,0,0,0,0,0,0,0,0,0,0,0,0,0,0,0,0,0,0,0,0,0,0,0,0,0,0,0,0,0,0,0,0,0,0,0,0,0,0,1,0,1,0,0,0,0,1,0,0,0,0,0,0,1,2,0,0,0,0,0,0,0,0,0,0,0,0,0,1,0,0,0,0,0
H-E0-7-29,2021-06-09,05:20:00,52.76888,-115.052206,"['LINO', 'WTSP', 'SWTH', 'SWTH', 'WTSP', 'WTSP', 'WTSP', 'LIWI', 'WTSP', 'LISP', 'SWTH']",0,0,0,0,0,0,0,0,0,0,0,0,0,0,0,0,0,0,0,0,0,0,0,0,0,0,0,0,0,0,0,0,0,0,0,0,0,0,0,0,0,0,0,1,0,1,0,1,0,0,0,0,0,0,0,0,0,0,0,0,0,0,0,0,0,0,0,0,0,0,0,0,0,0,0,0,0,3,0,0,0,0,0,0,0,0,0,0,0,0,0,0,5,0,0,0,0,0
H-E0-7-5,2021-06-07,05:00:00,52.74722,-115.056259,"['WTSP', 'MOWA', 'WTSP', 'TEWA', 'RBNU', 'GCKI', 'MOWA', 'UNVI', 'OVEN', 'OVEN', 'SWTH', 'UNAM', 'UNPA']",0,0,0,0,0,0,0,0,0,0,0,0,0,0,0,0,0,0,0,0,0,0,0,0,0,0,0,0,0,0,0,0,0,0,1,0,0,0,0,0,0,0,0,0,0,0,0,0,0,0,0,0,0,0,2,0,0,0,0,0,0,0,0,2,0,0,0,0,1,0,0,0,0,0,0,0,0,1,1,0,0,0,0,0,0,0,0,0,0,0,0,0,2,0,0,0,0,0
H-N10-19-98,2021-06-01,05:00:00,55.26161,-113.449146,"['TEWA', 'REVI', 'LITF', 'LISP', 'WTSP', 'TEWA', 'RBGR', 'WTSP', 'WTSP', 'WTSP', 'RCKI', 'LIWI', 'RUGR', 'LEFL', 'UNAM', 'TEWA', 'WTSP', 'YBSA']",0,0,0,0,0,0,0,0,0,0,0,0,0,0,0,0,0,0,0,0,0,0,0,0,0,0,0,0,0,0,0,0,0,0,0,0,0,0,0,0,0,1,0,0,0,1,1,1,0,0,0,0,0,0,0,0,0,0,0,0,0,0,0,0,0,0,0,1,0,1,0,1,0,0,0,0,0,0,3,0,0,0,0,0,0,0,0,0,0,0,0,0,5,0,0,0,0,0
H-N10-21-27,2021-07-02,05:20:00,55.78532,-119.693754,"['SWTH', 'WTSP', 'AMRO']",0,0,0,0,1,0,0,0,0,0,0,0,0,0,0,0,0,0,0,0,0,0,0,0,0,0,0,0,0,0,0,0,0,0,0,0,0,0,0,0,0,0,0,0,0,0,0,0,0,0,0,0,0,0,0,0,0,0,0,0,0,0,0,0,0,0,0,0,0,0,0,0,0,0,0,0,0,1,0,0,0,0,0,0,0,0,0,0,0,0,0,0,1,0,0,0,0,0
H-N10-22-43,2021-06-22,22:20:00,56.30849,-116.70759,"['UNKN', 'DEJU', 'WTSP', 'UNKN']",0,0,0,0,0,0,0,0,0,0,0,0,0,0,0,0,0,0,0,0,0,0,0,0,0,0,0,0,0,1,0,0,0,0,0,0,0,0,0,0,0,0,0,0,0,0,0,0,0,0,0,0,0,0,0,0,0,0,0,0,0,0,0,0,0,0,0,0,0,0,0,0,0,0,0,0,0,0,0,0,0,0,0,0,0,0,0,0,0,0,0,0,1,0,0,0,0,0
H-N10-3-24,2021-06-22,22:40:00,49.99379,-114.494687,"['CICA', 'AMRO', 'SWTH', 'SWTH', 'UNBI']",0,0,0,0,1,0,0,0,0,0,0,0,0,0,0,0,0,0,0,0,0,0,1,0,0,0,0,0,0,0,0,0,0,0,0,0,0,0,0,0,0,0,0,0,0,0,0,0,0,0,0,0,0,0,0,0,0,0,0,0,0,0,0,0,0,0,0,0,0,0,0,0,0,0,0,0,0,2,0,0,0,0,0,0,0,0,0,0,0,0,0,0,0,0,0,0,0,0
H-N10-30-15,2021-06-25,22:00:00,,,"['UNTR', 'UCTH', 'HETH', 'UNWA', 'WTSP', 'WOFR', 'UNBI', 'CICA']",0,0,0,0,0,0,0,0,0,0,0,0,0,0,0,0,0,0,0,0,0,0,1,0,0,0,0,0,0,0,0,0,0,0,0,0,0,1,0,0,0,0,0,0,0,0,0,0,0,0,0,0,0,0,0,0,0,0,0,0,0,0,0,0,0,0,0,0,0,0,0,0,0,0,0,0,0,0,0,0,0,0,0,0,0,0,0,0,0,1,0,0,1,0,0,0,0,0
H-N10-31-41,2021-06-02,05:20:00,,,"['TEWA', 'REVI', 'OVEN', 'BAWW', 'TEWA', 'WTSP', 'WTSP', 'SWTH', 'PISI', 'TEWA', 'RBGR', 'OVEN', 'RUGR']",0,0,0,0,0,1,0,0,0,0,0,0,0,0,0,0,0,0,0,0,0,0,0,0,0,0,0,0,0,0,0,0,0,0,0,0,0,0,0,0,0,0,0,0,0,0,0,0,0,0,0,0,0,0,0,0,0,0,0,0,0,0,0,2,0,0,1,1,0,0,0,1,0,0,0,0,0,1,3,0,0,0,0,0,0,0,0,0,0,0,0,0,2,0,0,0,0,0
H-N10-6-55,2021-06-18,05:00:00,52.19987,-115.336081,"['CCSP', 'SWTH', 'CCSP', 'OCWA', 'PISI', 'ALFL', 'WTSP', 'LISP', 'WTSP', 'HETH', 'ALFL', 'SWSP', 'UNPA', 'WIWA', 'UNKN']",2,0,0,0,0,0,0,0,0,0,0,0,0,0,0,0,0,0,0,2,0,0,0,0,0,0,0,0,0,0,0,0,0,0,0,0,0,1,0,0,0,0,0,0,0,1,0,0,0,0,0,0,0,0,0,0,0,0,0,0,0,1,0,0,0,0,1,0,0,0,0,0,0,0,0,0,1,1,0,0,0,0,0,0,0,0,0,0,1,0,0,0,2,0,0,0,0,0
H-N15-10-42,2021-06-07,22:40:00,53.73233,-118.33298,"['SWTH', 'SWTH', 'SWTH', 'SWTH', 'SWTH', 'AMRO']",0,0,0,0,1,0,0,0,0,0,0,0,0,0,0,0,0,0,0,0,0,0,0,0,0,0,0,0,0,0,0,0,0,0,0,0,0,0,0,0,0,0,0,0,0,0,0,0,0,0,0,0,0,0,0,0,0,0,0,0,0,0,0,0,0,0,0,0,0,0,0,0,0,0,0,0,0,5,0,0,0,0,0,0,0,0,0,0,0,0,0,0,0,0,0,0,0,0
H-N15-21-28,2021-06-30,22:00:00,55.78531,-119.692941,"['WTSP', 'SWTH', 'WTSP', 'SWTH', 'WTSP', 'WTSP', 'SWTH', 'PAWA', 'SWTH', 'WTSP', 'COSN', 'SWSP']",0,0,0,0,0,0,0,0,0,0,0,0,0,0,0,0,0,0,0,0,0,0,0,0,0,0,0,0,0,0,0,0,0,0,0,0,0,0,0,0,0,0,0,0,0,0,0,0,0,0,0,0,0,0,0,0,0,0,0,0,0,0,0,0,1,0,0,0,0,0,0,0,0,0,0,0,1,4,0,0,0,0,0,0,0,0,0,0,0,0,0,0,5,0,0,0,0,0
H-N15-22-31,2021-06-21,22:00:00,56.29794,-116.733668,"['HETH', 'HETH', 'MODO', 'UNWO', 'CONI']",0,0,0,0,0,0,0,0,0,0,0,0,0,0,0,0,0,0,0,0,0,0,0,0,0,0,0,0,0,0,0,0,0,0,0,0,0,2,0,0,0,0,0,0,0,0,0,0,0,0,0,0,0,0,0,0,0,0,0,0,0,0,0,0,0,0,0,0,0,0,0,0,0,0,0,0,0,0,0,0,0,0,0,0,0,0,0,0,0,0,0,0,0,0,0,0,0,0
H-N15-23-54,2021-06-09,22:40:00,56.05822,-115.246418,"['SWTH', 'LIRA', 'MOTF', 'SWTH', 'WTSP', 'WTSP', 'SWTH', 'WTSP']",0,0,0,0,0,0,0,0,0,0,0,0,0,0,0,0,0,0,0,0,0,0,0,0,0,0,0,0,0,0,0,0,0,0,0,0,0,0,0,0,0,0,0,0,1,0,0,0,0,0,0,0,0,1,0,0,0,0,0,0,0,0,0,0,0,0,0,0,0,0,0,0,0,0,0,0,0,3,0,0,0,0,0,0,0,0,0,0,0,0,0,0,3,0,0,0,0,0
H-N15-31-55,2021-05-29,05:20:00,57.87591,-115.543995,"['TEWA', 'LEFL', 'LEFL', 'UNWO', 'SWTH', 'WAVI', 'WAVI', 'SWTH', 'YBSA', 'WTSP', 'OVEN', 'UNPA', 'RUGR', 'OVEN']",0,0,0,0,0,0,0,0,0,0,0,0,0,0,0,0,0,0,0,0,0,0,0,0,0,0,0,0,0,0,0,0,0,0,0,0,0,0,0,0,0,2,0,0,0,0,0,0,0,0,0,0,0,0,0,0,0,0,0,0,0,0,0,2,0,0,0,0,0,0,0,0,0,0,0,0,0,2,1,0,0,0,0,2,0,0,0,0,0,0,0,0,1,0,0,0,0,0
H-N15-33-30,2021-07-04,05:40:00,58.59138,-114.542595,"['REVI', 'NAWA', 'OVEN']",0,0,0,0,0,0,0,0,0,0,0,0,0,0,0,0,0,0,0,0,0,0,0,0,0,0,0,0,0,0,0,0,0,0,0,0,0,0,0,0,0,0,0,0,0,0,0,0,0,0,0,0,0,0,0,0,1,0,0,0,0,0,0,1,0,0,0,0,0,0,0,1,0,0,0,0,0,0,0,0,0,0,0,0,0,0,0,0,0,0,0,0,0,0,0,0,0,0
H-N15-6-54,2021-06-16,05:40:00,52.19942,-115.335897,"['SWTH', 'ALFL', 'CCSP', 'ALFL', 'SWTH', 'LISP', 'WTSP', 'CCSP', 'ALFL', 'AMCR', 'UNPA', 'ALFL', 'WTSP', 'RBNU', 'CCSP', 'LISP']",4,0,0,0,0,0,0,0,0,0,0,0,0,0,0,0,0,0,0,3,0,0,0,0,0,0,0,0,0,0,0,0,0,0,0,0,0,0,0,0,0,0,0,0,0,2,0,0,0,0,0,0,0,0,0,0,0,0,0,0,0,0,0,0,0,0,0,0,1,0,0,0,0,0,0,0,0,2,0,0,0,0,0,0,0,0,0,0,0,0,0,0,2,0,0,0,0,0
H-N15-7-26,2021-06-07,22:20:00,52.76815,-115.054171,"['WTSP', 'SWTH', 'SWTH', 'SWTH', 'RUGR', 'SWTH', 'SWTH', 'WISN', 'CANG', 'WTSP']",0,0,0,0,0,0,0,0,0,0,0,0,0,0,0,0,0,0,0,0,0,0,0,0,0,0,0,0,0,0,0,0,0,0,0,0,0,0,0,0,0,0,0,0,0,0,0,0,0,0,0,0,0,0,0,0,0,0,0,0,0,0,0,0,0,0,0,0,0,0,0,0,0,0,0,0,0,5,0,0,0,0,0,0,0,0,0,0,0,0,0,0,2,0,0,0,0,0
H-N5-21-26,2021-06-30,05:40:00,55.78526,-119.694605,"['UNPA', 'WTSP', 'SWTH', 'WTSP', 'WTSP', 'SWTH', 'YBSA', 'SWTH', 'AMRO', 'WTSP', 'YBSA', 'NAWA', 'WTSP', 'AMRO', 'WTSP', 'SWTH', 'AMRO', 'COYE', 'WTSP', 'SWTH', 'WTSP', 'SWTH', 'AMRO']",0,0,0,0,4,0,0,0,0,0,0,0,0,0,0,0,0,0,0,0,0,0,0,0,0,0,0,1,0,0,0,0,0,0,0,0,0,0,0,0,0,0,0,0,0,0,0,0,0,0,0,0,0,0,0,0,1,0,0,0,0,0,0,0,0,0,0,0,0,0,0,0,0,0,0,0,0,6,0,0,0,0,0,0,0,0,0,0,0,0,0,0,8,0,0,0,0,0
H-N5-23-56,2021-06-08,22:20:00,56.05825,-115.247894,"['LINO', 'SWTH', 'SWTH', 'SWTH', 'CONI', 'OVEN', 'WTSP', 'WTSP']",0,0,0,0,0,0,0,0,0,0,0,0,0,0,0,0,0,0,0,0,0,0,0,0,0,0,0,0,0,0,0,0,0,0,0,0,0,0,0,0,0,0,0,1,0,0,0,0,0,0,0,0,0,0,0,0,0,0,0,0,0,0,0,1,0,0,0,0,0,0,0,0,0,0,0,0,0,3,0,0,0,0,0,0,0,0,0,0,0,0,0,0,2,0,0,0,0,0
H-N5-3-25,2021-06-20,22:20:00,,,"['SWTH', 'SWTH', 'SWTH', 'SWTH', 'SWTH', 'UNBI', 'SWTH', 'WCSP', 'BCCH', 'UNWO', 'OSFL', 'WIWR']",0,0,0,0,0,0,0,1,0,0,0,0,0,0,0,0,0,0,0,0,0,0,0,0,0,0,0,0,0,0,0,0,0,0,0,0,0,0,0,0,0,0,0,0,0,0,0,0,0,0,0,0,0,0,0,0,0,0,0,0,0,0,1,0,0,0,0,0,0,0,0,0,0,0,0,0,0,6,0,0,0,0,0,0,1,0,0,0,0,0,0,0,0,0,0,0,0,0
H-N5-3-55,2021-06-22,05:00:00,50.4599,-114.56303,"['CHSP', 'DEJU', 'OSFL', 'SWTH', 'SWTH', 'DEJU', 'WWCR']",0,0,0,0,0,0,0,0,0,0,0,0,0,0,0,0,0,0,0,0,0,1,0,0,0,0,0,0,0,2,0,0,0,0,0,0,0,0,0,0,0,0,0,0,0,0,0,0,0,0,0,0,0,0,0,0,0,0,0,0,0,0,1,0,0,0,0,0,0,0,0,0,0,0,0,0,0,2,0,0,0,0,0,0,0,0,0,0,0,0,0,0,0,1,0,0,0,0
H-N5-30-17,2021-06-23,22:00:00,,,"['OVEN', 'SWTH', 'SWTH', 'SWTH', 'RESQ', 'WISN', 'WISN', 'RESQ', 'NOFL']",0,0,0,0,0,0,0,0,0,0,0,0,0,0,0,0,0,0,0,0,0,0,0,0,0,0,0,0,0,0,0,0,0,0,0,0,0,0,0,0,0,0,0,0,0,0,0,0,0,0,0,0,0,0,0,0,0,0,0,0,0,0,0,1,0,0,0,0,0,0,2,0,0,0,0,0,0,3,0,0,0,0,0,0,0,0,0,0,0,0,0,0,0,0,0,0,0,0
H-N5-31-39,2021-05-30,22:00:00,,,"['AMRO', 'TEWA', 'WTSP', 'OVEN', 'OVEN', 'RUGR', 'AMRO', 'UCTH', 'OVEN', 'WTSP']",0,0,0,0,2,0,0,0,0,0,0,0,0,0,0,0,0,0,0,0,0,0,0,0,0,0,0,0,0,0,0,0,0,0,0,0,0,0,0,0,0,0,0,0,0,0,0,0,0,0,0,0,0,0,0,0,0,0,0,0,0,0,0,3,0,0,0,0,0,0,0,0,0,0,0,0,0,0,1,0,0,0,0,0,0,0,0,0,0,0,0,0,2,0,0,0,0,0
H-P10-19-107,2021-06-08,22:20:00,55.26291,-113.44686,"['SWTH', 'BCFR', 'WTSP', 'AMRO', 'SWTH', 'UNPA', 'TEWA']",0,0,0,0,1,0,0,0,1,0,0,0,0,0,0,0,0,0,0,0,0,0,0,0,0,0,0,0,0,0,0,0,0,0,0,0,0,0,0,0,0,0,0,0,0,0,0,0,0,0,0,0,0,0,0,0,0,0,0,0,0,0,0,0,0,0,0,0,0,0,0,0,0,0,0,0,0,2,1,0,0,0,0,0,0,0,0,0,0,0,0,0,1,0,0,0,0,0
H-P10-2-2,2021-06-06,05:40:00,49.40878,-114.294427,"['SAVS', 'WCSP', 'PISI', 'UNKN']",0,0,0,0,0,0,0,0,0,0,0,0,0,0,0,0,0,0,0,0,0,0,0,0,0,0,0,0,0,0,0,0,0,0,0,0,0,0,0,0,0,0,0,0,0,0,0,0,0,0,0,0,0,0,0,0,0,0,0,0,0,0,0,0,0,0,1,0,0,0,0,0,0,1,0,0,0,0,0,0,0,0,0,0,1,0,0,0,0,0,0,0,0,0,0,0,0,0
H-P10-2-41,2021-06-08,22:00:00,49.4853,-114.397931,['AMRO'],0,0,0,0,1,0,0,0,0,0,0,0,0,0,0,0,0,0,0,0,0,0,0,0,0,0,0,0,0,0,0,0,0,0,0,0,0,0,0,0,0,0,0,0,0,0,0,0,0,0,0,0,0,0,0,0,0,0,0,0,0,0,0,0,0,0,0,0,0,0,0,0,0,0,0,0,0,0,0,0,0,0,0,0,0,0,0,0,0,0,0,0,0,0,0,0,0,0
H-P10-23-59,2021-06-07,05:00:00,56.05838,-115.25036,"['REVI', 'TEWA', 'OVEN', 'YRWA', 'OVEN', 'REVI', 'OVEN', 'WTSP', 'BRCR', 'RESQ', 'RUGR', 'CEDW']",0,0,0,0,0,0,0,0,0,0,0,0,0,0,1,0,0,0,0,0,1,0,0,0,0,0,0,0,0,0,0,0,0,0,0,0,0,0,0,0,0,0,0,0,0,0,0,0,0,0,0,0,0,0,0,0,0,0,0,0,0,0,0,3,0,0,0,0,0,0,1,2,0,0,0,0,0,0,1,0,0,0,0,0,0,0,0,0,0,0,0,0,1,0,0,0,0,1
H-P10-27-34,2021-06-17,05:00:00,56.63833,-119.978203,"['SWTH', 'SWTH', 'SWTH', 'YBFL', 'SWTH', 'SWTH', 'SWTH', 'SWTH']",0,0,0,0,0,0,0,0,0,0,0,0,0,0,0,0,0,0,0,0,0,0,0,0,0,0,0,0,0,0,0,0,0,0,0,0,0,0,0,0,0,0,0,0,0,0,0,0,0,0,0,0,0,0,0,0,0,0,0,0,0,0,0,0,0,0,0,0,0,0,0,0,0,0,0,0,0,7,0,0,0,0,0,0,0,0,0,0,0,0,0,0,0,0,1,0,0,0
H-P10-29-10,2021-05-26,05:20:00,56.7717,-114.83378,"['WIWR', 'CORE', 'WIWR', 'WIWR', 'WIWR', 'UNBI']",0,0,0,0,0,0,0,0,0,0,0,0,0,0,0,0,0,0,0,0,0,0,0,0,0,0,0,0,0,0,0,0,0,0,0,0,0,0,0,0,0,0,0,0,0,0,0,0,0,0,0,0,0,0,0,0,0,0,0,0,0,0,0,0,0,0,0,0,0,0,0,0,0,0,0,0,0,0,0,0,0,0,0,0,0,0,0,0,0,0,0,0,0,0,0,0,0,0
H-P10-3-29,2021-06-21,22:00:00,49.99544,-114.494259,"['SWTH', 'SWTH']",0,0,0,0,0,0,0,0,0,0,0,0,0,0,0,0,0,0,0,0,0,0,0,0,0,0,0,0,0,0,0,0,0,0,0,0,0,0,0,0,0,0,0,0,0,0,0,0,0,0,0,0,0,0,0,0,0,0,0,0,0,0,0,0,0,0,0,0,0,0,0,0,0,0,0,0,0,2,0,0,0,0,0,0,0,0,0,0,0,0,0,0,0,0,0,0,0,0
H-P10-3-58,2021-06-20,22:20:00,50.04628,-114.561008,"['SWTH', 'SWTH', 'SWTH', 'SWTH', 'SWTH']",0,0,0,0,0,0,0,0,0,0,0,0,0,0,0,0,0,0,0,0,0,0,0,0,0,0,0,0,0,0,0,0,0,0,0,0,0,0,0,0,0,0,0,0,0,0,0,0,0,0,0,0,0,0,0,0,0,0,0,0,0,0,0,0,0,0,0,0,0,0,0,0,0,0,0,0,0,5,0,0,0,0,0,0,0,0,0,0,0,0,0,0,0,0,0,0,0,0
H-P10-31-24,2021-06-01,05:40:00,57.86234,-115.536599,"['WTSP', 'BAWW', 'AMRO', 'WTSP', 'CHSP', 'YEWA', 'YEWA', 'RESQ', 'AMCR', 'TEWA', 'TEWA']",0,0,0,0,1,1,0,0,0,0,0,0,0,0,0,0,0,0,0,0,0,1,0,0,0,0,0,0,0,0,0,0,0,0,0,0,0,0,0,0,0,0,0,0,0,0,0,0,0,0,0,0,0,0,0,0,0,0,0,0,0,0,0,0,0,0,0,0,0,0,1,0,0,0,0,0,0,0,2,0,0,0,0,0,0,0,0,0,0,0,0,0,2,0,0,2,0,0
H-P10-31-48,2021-05-29,22:00:00,57.87378,-115.542378,"['SWTH', 'MOBA', 'CHSP', 'SWTH', 'TEWA', 'WIWA', 'CHSP', 'TEWA', 'RESQ', 'WTSP', 'WETA', 'RUGR', 'NAWA', 'WTSP']",0,0,0,0,0,0,0,0,0,0,0,0,0,0,0,0,0,0,0,0,0,2,0,0,0,0,0,0,0,0,0,0,0,0,0,0,0,0,0,0,0,0,0,0,0,0,0,0,0,1,0,0,0,0,0,0,1,0,0,0,0,0,0,0,0,0,0,0,0,0,1,0,0,0,0,0,0,2,2,0,0,0,0,0,0,0,1,0,1,0,0,0,2,0,0,0,0,0
H-P10-32-16,2021-06-11,05:20:00,59.23588,-118.624238,"['UNKN', 'TEWA', 'TEWA', 'WETA', 'SWTH', 'CHSP', 'YRWA', 'UNKN', 'YRWA', 'WTSP', 'UNWO']",0,0,0,0,0,0,0,0,0,0,0,0,0,0,0,0,0,0,0,0,0,1,0,0,0,0,0,0,0,0,0,0,0,0,0,0,0,0,0,0,0,0,0,0,0,0,0,0,0,0,0,0,0,0,0,0,0,0,0,0,0,0,0,0,0,0,0,0,0,0,0,0,0,0,0,0,0,1,2,0,0,0,0,0,0,0,1,0,0,0,0,0,1,0,0,0,0,2
H-P10-32-47,2021-06-08,22:20:00,59.25095,-118.503832,"['SWTH', 'RUGR', 'RUGR']",0,0,0,0,0,0,0,0,0,0,0,0,0,0,0,0,0,0,0,0,0,0,0,0,0,0,0,0,0,0,0,0,0,0,0,0,0,0,0,0,0,0,0,0,0,0,0,0,0,0,0,0,0,0,0,0,0,0,0,0,0,0,0,0,0,0,0,0,0,0,0,0,0,0,0,0,0,1,0,0,0,0,0,0,0,0,0,0,0,0,0,0,0,0,0,0,0,0
H-P10-33-20,2021-07-02,05:00:00,58.59022,-114.54599,"['REVI', 'OVEN', 'TEWA', 'UNWA']",0,0,0,0,0,0,0,0,0,0,0,0,0,0,0,0,0,0,0,0,0,0,0,0,0,0,0,0,0,0,0,0,0,0,0,0,0,0,0,0,0,0,0,0,0,0,0,0,0,0,0,0,0,0,0,0,0,0,0,0,0,0,0,1,0,0,0,0,0,0,0,1,0,0,0,0,0,0,1,0,0,0,0,0,0,0,0,0,0,0,0,0,0,0,0,0,0,0
H-P15-10-9,2021-06-05,22:00:00,53.66513,-118.22525,"['SWTH', 'HETH']",0,0,0,0,0,0,0,0,0,0,0,0,0,0,0,0,0,0,0,0,0,0,0,0,0,0,0,0,0,0,0,0,0,0,0,0,0,1,0,0,0,0,0,0,0,0,0,0,0,0,0,0,0,0,0,0,0,0,0,0,0,0,0,0,0,0,0,0,0,0,0,0,0,0,0,0,0,1,0,0,0,0,0,0,0,0,0,0,0,0,0,0,0,0,0,0,0,0
H-P15-20,2021-06-05,05:20:00,55.17398,-111.682499,"['AMRO', 'EAPH', 'SWTH', 'YRWA', 'CAJA', 'WTSP', 'PHVI', 'WIWR', 'CAJA', 'TEWA', 'CANG', 'RCKI']",0,0,0,0,1,0,0,0,0,0,0,0,0,0,0,0,0,2,0,0,0,0,0,0,0,0,0,0,0,0,0,1,0,0,0,0,0,0,0,0,0,0,0,0,0,0,0,0,0,0,0,0,0,0,0,0,0,0,0,0,0,0,0,0,0,1,0,0,0,1,0,0,0,0,0,0,0,1,1,0,0,0,0,0,0,0,0,0,0,0,0,0,1,0,0,0,0,1
H-P15-22-37,2021-06-22,22:00:00,56.30622,-116.706699,"['NONE', 'SWSP', 'HETH', 'DEJU', 'SWTH', 'UNPA']",0,0,0,0,0,0,0,0,0,0,0,0,0,0,0,0,0,0,0,0,0,0,0,0,0,0,0,0,0,1,0,0,0,0,0,0,0,1,0,0,0,0,0,0,0,0,0,0,0,0,0,0,0,0,0,0,0,0,0,1,0,0,0,0,0,0,0,0,0,0,0,0,0,0,0,0,1,1,0,0,0,0,0,0,0,0,0,0,0,0,0,0,0,0,0,0,0,0
H-P15-3-31,2021-06-20,05:20:00,49.9958,-114.493957,"['YRWA', 'DEJU', 'YRWA']",0,0,0,0,0,0,0,0,0,0,0,0,0,0,0,0,0,0,0,0,0,0,0,0,0,0,0,0,0,1,0,0,0,0,0,0,0,0,0,0,0,0,0,0,0,0,0,0,0,0,0,0,0,0,0,0,0,0,0,0,0,0,0,0,0,0,0,0,0,0,0,0,0,0,0,0,0,0,0,0,0,0,0,0,0,0,0,0,0,0,0,0,0,0,0,0,0,2
H-P15-31-47,2021-06-01,05:00:00,57.87351,-115.54222,"['TEWA', 'UNWA', 'WETA', 'TEWA', 'WTSP', 'WIWR', 'TEWA', 'WTSP', 'SWTH', 'CHSP']",0,0,0,0,0,0,0,0,0,0,0,0,0,0,0,0,0,0,0,0,0,1,0,0,0,0,0,0,0,0,0,0,0,0,0,0,0,0,0,0,0,0,0,0,0,0,0,0,0,0,0,0,0,0,0,0,0,0,0,0,0,0,0,0,0,0,0,0,0,0,0,0,0,0,0,0,0,1,3,0,0,0,0,0,0,0,1,0,0,0,0,0,2,0,0,0,0,0
H-P15-32-17,2021-06-10,05:00:00,59.23602,-118.624481,"['TEWA', 'RESQ', 'HETH', 'RBNU', 'UNWA', 'WETA', 'WAVI', 'RBGR', 'BBWA', 'OVEN', 'NOFL', 'UNKN']",0,0,0,0,0,0,1,0,0,0,0,0,0,0,0,0,0,0,0,0,0,0,0,0,0,0,0,0,0,0,0,0,0,0,0,0,0,1,0,0,0,0,0,0,0,0,0,0,0,0,0,0,0,0,0,0,0,0,0,0,0,0,0,1,0,0,0,1,1,0,1,0,0,0,0,0,0,0,1,0,0,0,0,1,0,0,1,0,0,0,0,0,0,0,0,0,0,0
H-P15-6-60,2021-06-16,22:00:00,52.20199,-115.336618,"['SWTH', 'SWTH', 'AMRO', 'SWTH', 'PISI']",0,0,0,0,1,0,0,0,0,0,0,0,0,0,0,0,0,0,0,0,0,0,0,0,0,0,0,0,0,0,0,0,0,0,0,0,0,0,0,0,0,0,0,0,0,0,0,0,0,0,0,0,0,0,0,0,0,0,0,0,0,0,0,0,0,0,1,0,0,0,0,0,0,0,0,0,0,3,0,0,0,0,0,0,0,0,0,0,0,0,0,0,0,0,0,0,0,0
H-P15-7-8,2021-06-08,05:20:00,52.74842,-115.05555,"['SWTH', 'UNPA', 'TEWA', 'SWTH', 'CMWA', 'OVEN']",0,0,0,0,0,0,0,0,0,0,0,0,0,0,0,0,0,0,0,0,0,0,0,1,0,0,0,0,0,0,0,0,0,0,0,0,0,0,0,0,0,0,0,0,0,0,0,0,0,0,0,0,0,0,0,0,0,0,0,0,0,0,0,1,0,0,0,0,0,0,0,0,0,0,0,0,0,2,1,0,0,0,0,0,0,0,0,0,0,0,0,0,0,0,0,0,0,0
H-P5-21-47,2021-06-30,22:40:00,55.80239,-119.847554,"['SWTH', 'WTSP', 'WTSP', 'UNPA', 'WTSP', 'SWTH', 'SWTH', 'SWTH', 'SWTH']",0,0,0,0,0,0,0,0,0,0,0,0,0,0,0,0,0,0,0,0,0,0,0,0,0,0,0,0,0,0,0,0,0,0,0,0,0,0,0,0,0,0,0,0,0,0,0,0,0,0,0,0,0,0,0,0,0,0,0,0,0,0,0,0,0,0,0,0,0,0,0,0,0,0,0,0,0,5,0,0,0,0,0,0,0,0,0,0,0,0,0,0,3,0,0,0,0,0
H-P5-22-26,2021-06-23,22:00:00,56.29614,-116.733884,"['HETH', 'OVEN', 'HETH', 'HETH', 'SWTH', 'UNPA', 'OVEN', 'WTSP', 'RESQ', 'OVEN', 'RWBL', 'BBWA']",0,0,0,0,0,0,1,0,0,0,0,0,0,0,0,0,0,0,0,0,0,0,0,0,0,0,0,0,0,0,0,0,0,0,0,0,0,3,0,0,0,0,0,0,0,0,0,0,0,0,0,0,0,0,0,0,0,0,0,0,0,0,0,3,0,0,0,0,0,0,1,0,1,0,0,0,0,1,0,0,0,0,0,0,0,0,0,0,0,0,0,0,1,0,0,0,0,0
H-P5-22-40,2021-06-22,05:00:00,56.3071,-116.707171,"['REVI', 'DEJU', 'DEJU', 'DEJU', 'YRWA', 'SWTH', 'SWTH', 'UNBI', 'WWCR', 'DEJU', 'DEJU']",0,0,0,0,0,0,0,0,0,0,0,0,0,0,0,0,0,0,0,0,0,0,0,0,0,0,0,0,0,5,0,0,0,0,0,0,0,0,0,0,0,0,0,0,0,0,0,0,0,0,0,0,0,0,0,0,0,0,0,0,0,0,0,0,0,0,0,0,0,0,0,1,0,0,0,0,0,2,0,0,0,0,0,0,0,0,0,0,0,0,0,0,0,1,0,0,0,1
H-P5-29-42,2021-05-29,05:40:00,56.85767,-114.637272,"['TEWA', 'WTSP', 'WTSP', 'OVEN', 'COSN', 'WTSP', 'CMWA', 'RUGR', 'RBNU', 'CHSP', 'TEWA', 'WTSP', 'BAWW', 'TEWA', 'ALFL']",1,0,0,0,0,1,0,0,0,0,0,0,0,0,0,0,0,0,0,0,0,1,0,1,0,0,0,0,0,0,0,0,0,0,0,0,0,0,0,0,0,0,0,0,0,0,0,0,0,0,0,0,0,0,0,0,0,0,0,0,0,0,0,1,0,0,0,0,1,0,0,0,0,0,0,0,0,0,3,0,0,0,0,0,0,0,0,0,0,0,0,0,4,0,0,0,0,0
H-P5-30-21,2021-06-24,22:20:00,58.28381,-119.36537,['HEWI'],0,0,0,0,0,0,0,0,0,0,0,0,0,0,0,0,0,0,0,0,0,0,0,0,0,0,0,0,0,0,0,0,0,0,0,0,0,0,1,0,0,0,0,0,0,0,0,0,0,0,0,0,0,0,0,0,0,0,0,0,0,0,0,0,0,0,0,0,0,0,0,0,0,0,0,0,0,0,0,0,0,0,0,0,0,0,0,0,0,0,0,0,0,0,0,0,0,0
H-P5-6-58,2021-06-17,22:20:00,52.20128,-115.336428,"['SWTH', 'SWTH', 'VATH', 'VATH', 'VATH', 'SWTH']",0,0,0,0,0,0,0,0,0,0,0,0,0,0,0,0,0,0,0,0,0,0,0,0,0,0,0,0,0,0,0,0,0,0,0,0,0,0,0,0,0,0,0,0,0,0,0,0,0,0,0,0,0,0,0,0,0,0,0,0,0,0,0,0,0,0,0,0,0,0,0,0,0,0,0,0,0,3,0,0,3,0,0,0,0,0,0,0,0,0,0,0,0,0,0,0,0,0
H-P5-7-6,2021-06-07,05:00:00,52.74762,-115.056071,"['GCKI', 'RBNU', 'WTSP', 'SWTH', 'OVEN', 'SWTH', 'TEWA', 'UNPA', 'WTSP', 'OCWA']",0,0,0,0,0,0,0,0,0,0,0,0,0,0,0,0,0,0,0,0,0,0,0,0,0,0,0,0,0,0,0,0,0,0,1,0,0,0,0,0,0,0,0,0,0,0,0,0,0,0,0,0,0,0,0,0,0,0,0,0,0,1,0,1,0,0,0,0,1,0,0,0,0,0,0,0,0,2,1,0,0,0,0,0,0,0,0,0,0,0,0,0,2,0,0,0,0,0
H-R5-29-25,2021-05-31,05:40:00,,,"['WTSP', 'TEWA', 'HETH', 'TEWA', 'SWTH', 'WTSP', 'BAWW', 'BHVI', 'NOFL', 'SWTH', 'UNKN', 'SWTH', 'UNTR', 'WISN']",0,0,0,0,0,1,0,0,0,0,1,0,0,0,0,0,0,0,0,0,0,0,0,0,0,0,0,0,0,0,0,0,0,0,0,0,0,1,0,0,0,0,0,0,0,0,0,0,0,0,0,0,0,0,0,0,0,0,0,0,0,0,0,0,0,0,0,0,0,0,0,0,0,0,0,0,0,3,2,0,0,0,0,0,0,0,0,0,0,0,0,0,2,0,0,0,0,0
H-RS-10-16,2021-06-03,05:40:00,53.66937,-118.21569,"['YRWA', 'DEJU', 'RESQ', 'AMRO', 'RESQ']",0,0,0,0,1,0,0,0,0,0,0,0,0,0,0,0,0,0,0,0,0,0,0,0,0,0,0,0,0,1,0,0,0,0,0,0,0,0,0,0,0,0,0,0,0,0,0,0,0,0,0,0,0,0,0,0,0,0,0,0,0,0,0,0,0,0,0,0,0,0,2,0,0,0,0,0,0,0,0,0,0,0,0,0,0,0,0,0,0,0,0,0,0,0,0,0,0,1
H-RS-10-2,2021-06-03,22:20:00,53.66244,-118.21224,"['SWTH', 'SWTH', 'YRWA', 'DEJU', 'AMRO', 'PISI', 'YRWA', 'VATH', 'UNWA', 'WISN', 'SWTH', 'DEJU']",0,0,0,0,1,0,0,0,0,0,0,0,0,0,0,0,0,0,0,0,0,0,0,0,0,0,0,0,0,2,0,0,0,0,0,0,0,0,0,0,0,0,0,0,0,0,0,0,0,0,0,0,0,0,0,0,0,0,0,0,0,0,0,0,0,0,1,0,0,0,0,0,0,0,0,0,0,3,0,0,1,0,0,0,0,0,0,0,0,0,0,0,0,0,0,0,0,2
H-RS-19-91,2021-05-30,05:20:00,55.25964,-113.453411,"['TEWA', 'REVI', 'BAWW', 'TEWA', 'SWTH', 'YEWA', 'UNPA', 'SWTH', 'AMRO', 'OVEN', 'SWTH', 'SWTH', 'TEWA']",0,0,0,0,1,1,0,0,0,0,0,0,0,0,0,0,0,0,0,0,0,0,0,0,0,0,0,0,0,0,0,0,0,0,0,0,0,0,0,0,0,0,0,0,0,0,0,0,0,0,0,0,0,0,0,0,0,0,0,0,0,0,0,1,0,0,0,0,0,0,0,1,0,0,0,0,0,4,3,0,0,0,0,0,0,0,0,0,0,0,0,0,0,0,0,1,0,0
H-RS-2-10,2021-06-06,22:20:00,49.41281,-114.279936,"['SWTH', 'SWTH', 'WCSP', 'SWTH', 'SWTH']",0,0,0,0,0,0,0,0,0,0,0,0,0,0,0,0,0,0,0,0,0,0,0,0,0,0,0,0,0,0,0,0,0,0,0,0,0,0,0,0,0,0,0,0,0,0,0,0,0,0,0,0,0,0,0,0,0,0,0,0,0,0,0,0,0,0,0,0,0,0,0,0,0,0,0,0,0,4,0,0,0,0,0,0,1,0,0,0,0,0,0,0,0,0,0,0,0,0
H-RS-21-19,2021-07-01,22:40:00,55.78211,-119.688967,"['WTSP', 'WTSP', 'WTSP', 'WTSP', 'WAVI', 'WTSP', 'WTSP', 'WTSP', 'UNPA', 'HETH']",0,0,0,0,0,0,0,0,0,0,0,0,0,0,0,0,0,0,0,0,0,0,0,0,0,0,0,0,0,0,0,0,0,0,0,0,0,1,0,0,0,0,0,0,0,0,0,0,0,0,0,0,0,0,0,0,0,0,0,0,0,0,0,0,0,0,0,0,0,0,0,0,0,0,0,0,0,0,0,0,0,0,0,1,0,0,0,0,0,0,0,0,7,0,0,0,0,0
H-RS-21-20,2021-07-03,05:00:00,55.78266,-119.705961,"['WTSP', 'MAWA', 'LEFL', 'WTSP', 'AMRE', 'YEWA', 'AMRO', 'AMRO', 'SWTH', 'SWTH', 'AMRE']",0,0,0,2,2,0,0,0,0,0,0,0,0,0,0,0,0,0,0,0,0,0,0,0,0,0,0,0,0,0,0,0,0,0,0,0,0,0,0,0,0,1,0,0,0,0,0,0,1,0,0,0,0,0,0,0,0,0,0,0,0,0,0,0,0,0,0,0,0,0,0,0,0,0,0,0,0,2,0,0,0,0,0,0,0,0,0,0,0,0,0,0,2,0,0,1,0,0
H-RS-21-21,2021-06-30,22:40:00,55.78416,-119.690738,"['UNPA', 'LISP', 'CAJA', 'WTSP', 'UNTH', 'UNTH', 'WTSP', 'WTSP']",0,0,0,0,0,0,0,0,0,0,0,0,0,0,0,0,0,1,0,0,0,0,0,0,0,0,0,0,0,0,0,0,0,0,0,0,0,0,0,0,0,0,0,0,0,1,0,0,0,0,0,0,0,0,0,0,0,0,0,0,0,0,0,0,0,0,0,0,0,0,0,0,0,0,0,0,0,0,0,0,0,0,0,0,0,0,0,0,0,0,0,0,3,0,0,0,0,0
H-RS-21-44,2021-07-01,05:40:00,55.8015,-119.851824,"['WTSP', 'WTSP', 'LISP', 'DEJU', 'WTSP', 'WTSP', 'AMRO']",0,0,0,0,1,0,0,0,0,0,0,0,0,0,0,0,0,0,0,0,0,0,0,0,0,0,0,0,0,1,0,0,0,0,0,0,0,0,0,0,0,0,0,0,0,1,0,0,0,0,0,0,0,0,0,0,0,0,0,0,0,0,0,0,0,0,0,0,0,0,0,0,0,0,0,0,0,0,0,0,0,0,0,0,0,0,0,0,0,0,0,0,4,0,0,0,0,0
H-RS-22-36,2021-06-22,22:00:00,56.30373,-116.715974,"['MORA', 'MONO', 'LIWI']",0,0,0,0,0,0,0,0,0,0,0,0,0,0,0,0,0,0,0,0,0,0,0,0,0,0,0,0,0,0,0,0,0,0,0,0,0,0,0,0,0,0,0,0,0,0,0,1,0,0,0,1,1,0,0,0,0,0,0,0,0,0,0,0,0,0,0,0,0,0,0,0,0,0,0,0,0,0,0,0,0,0,0,0,0,0,0,0,0,0,0,0,0,0,0,0,0,0
H-RS-22-45,2021-06-21,22:00:00,56.31026,-116.715096,"['CONI', 'CHSP', 'WTSP', 'HETH', 'LISP', 'WISN', 'LISP', 'LISP', 'TEWA', 'WTSP', 'WTSP', 'CCSP', 'CCSP', 'WTSP', 'TEWA', 'CHSP', 'NOFL']",0,0,0,0,0,0,0,0,0,0,0,0,0,0,0,0,0,0,0,2,0,2,0,0,0,0,0,0,0,0,0,0,0,0,0,0,0,1,0,0,0,0,0,0,0,3,0,0,0,0,0,0,0,0,0,0,0,0,0,0,0,0,0,0,0,0,0,0,0,0,0,0,0,0,0,0,0,0,2,0,0,0,0,0,0,0,0,0,0,0,0,0,4,0,0,0,0,0
H-RS-29-36,2021-05-29,05:00:00,56.85203,-114.643598,"['TEWA', 'TEWA', 'WAVI', 'YEWA', 'BCCH', 'RBGR', 'RUGR', 'WTSP', 'BAWW', 'YRWA', 'WTSP', 'CHSP', 'WISN']",0,0,0,0,0,1,0,1,0,0,0,0,0,0,0,0,0,0,0,0,0,1,0,0,0,0,0,0,0,0,0,0,0,0,0,0,0,0,0,0,0,0,0,0,0,0,0,0,0,0,0,0,0,0,0,0,0,0,0,0,0,0,0,0,0,0,0,1,0,0,0,0,0,0,0,0,0,0,2,0,0,0,0,1,0,0,0,0,0,0,0,0,2,0,0,1,0,1
H-RS-29-44,2021-06-01,05:20:00,56.85823,-114.619697,"['WTSP', 'WTSP', 'MOWI', 'UNPA', 'SWTH', 'WIWR', 'LISP']",0,0,0,0,0,0,0,0,0,0,0,0,0,0,0,0,0,0,0,0,0,0,0,0,0,0,0,0,0,0,0,0,0,0,0,0,0,0,0,0,0,0,0,0,0,1,0,0,0,0,0,0,0,0,0,1,0,0,0,0,0,0,0,0,0,0,0,0,0,0,0,0,0,0,0,0,0,1,0,0,0,0,0,0,0,0,0,0,0,0,0,0,2,0,0,0,0,0
H-RS-3-23,2021-06-19,22:20:00,49.99366,-114.503652,"['SWTH', 'UNPA', 'SWTH', 'HETH', 'HETH']",0,0,0,0,0,0,0,0,0,0,0,0,0,0,0,0,0,0,0,0,0,0,0,0,0,0,0,0,0,0,0,0,0,0,0,0,0,2,0,0,0,0,0,0,0,0,0,0,0,0,0,0,0,0,0,0,0,0,0,0,0,0,0,0,0,0,0,0,0,0,0,0,0,0,0,0,0,2,0,0,0,0,0,0,0,0,0,0,0,0,0,0,0,0,0,0,0,0
H-RS-3-60,2021-06-21,05:20:00,50.05115,-114.56327,"['DEJU', 'DEJU', 'LIWI', 'SWTH', 'RCKI', 'WCSP', 'AMRO', 'YRWA', 'WTSP', 'UNTR', 'OSFL', 'WCSP', 'UPCH', 'RESQ', 'RBNU', 'CHSP']",0,0,0,0,1,0,0,0,0,0,0,0,0,0,0,0,0,0,0,0,0,1,0,0,0,0,0,0,0,2,0,0,0,0,0,0,0,0,0,0,0,0,0,0,0,0,0,1,0,0,0,0,0,0,0,0,0,0,0,0,0,0,1,0,0,0,0,0,1,1,1,0,0,0,0,0,0,1,0,0,0,0,0,0,2,0,0,0,0,0,0,0,1,0,0,0,0,1
H-RS-3-7,2021-06-22,05:00:00,,,"['OSFL', 'DEJU', 'AMRO', 'OSFL', 'VESP', 'DEJU', 'LISP', 'WCSP', 'CHSP', 'WCSP', 'SWTH', 'WCSP']",0,0,0,0,1,0,0,0,0,0,0,0,0,0,0,0,0,0,0,0,0,1,0,0,0,0,0,0,0,2,0,0,0,0,0,0,0,0,0,0,0,0,0,0,0,1,0,0,0,0,0,0,0,0,0,0,0,0,0,0,0,0,2,0,0,0,0,0,0,0,0,0,0,0,0,0,0,1,0,0,0,0,1,0,3,0,0,0,0,0,0,0,0,0,0,0,0,0
H-RS-30-25,2021-06-23,22:00:00,58.34252,-119.616286,"['GWTE', 'UNPA', 'UNPA', 'COLO']",0,0,0,0,0,0,0,0,0,0,0,0,0,0,0,0,0,0,0,0,0,0,0,0,0,0,0,0,0,0,0,0,0,0,0,0,0,0,0,0,0,0,0,0,0,0,0,0,0,0,0,0,0,0,0,0,0,0,0,0,0,0,0,0,0,0,0,0,0,0,0,0,0,0,0,0,0,0,0,0,0,0,0,0,0,0,0,0,0,0,0,0,0,0,0,0,0,0
H-RS-30-42,2021-06-21,05:40:00,58.40175,-119.443992,"['WTSP', 'REVI', 'MOBA', 'BAWW', 'REVI', 'SWTH', 'BAWW', 'CHSP', 'ALFL', 'MOWA', 'AMRO', 'WTSP', 'TEWA', 'OVEN', 'TEWA']",1,0,0,0,1,2,0,0,0,0,0,0,0,0,0,0,0,0,0,0,0,1,0,0,0,0,0,0,0,0,0,0,0,0,0,0,0,0,0,0,0,0,0,0,0,0,0,0,0,1,0,0,0,0,1,0,0,0,0,0,0,0,0,1,0,0,0,0,0,0,0,2,0,0,0,0,0,1,2,0,0,0,0,0,0,0,0,0,0,0,0,0,2,0,0,0,0,0
H-RS-31-56,2021-05-28,22:00:00,57.87626,-115.540941,"['SWTH', 'TEWA', 'UNPA', 'OVEN', 'RUGR', 'WTSP', 'TEWA', 'RBGR', 'RBGR']",0,0,0,0,0,0,0,0,0,0,0,0,0,0,0,0,0,0,0,0,0,0,0,0,0,0,0,0,0,0,0,0,0,0,0,0,0,0,0,0,0,0,0,0,0,0,0,0,0,0,0,0,0,0,0,0,0,0,0,0,0,0,0,1,0,0,0,2,0,0,0,0,0,0,0,0,0,1,2,0,0,0,0,0,0,0,0,0,0,0,0,0,1,0,0,0,0,0
H-RS-32-12,2021-06-11,05:20:00,59.23405,-118.630072,"['DEJU', 'TEWA', 'MAWA', 'MAWA', 'TEWA', 'RBNU', 'CHSP', 'WTSP', 'WTSP', 'UNWO', 'SWTH', 'WTSP', 'ALFL', 'ALFL', 'UNWO', 'RBGR', 'HETH', 'RUGR', 'SWTH', 'CONI', 'UNTH', 'SWTH', 'SWTH', 'RUGR', 'BCFR']",2,0,0,0,0,0,0,0,1,0,0,0,0,0,0,0,0,0,0,0,0,1,0,0,0,0,0,0,0,1,0,0,0,0,0,0,0,1,0,0,0,0,0,0,0,0,0,0,2,0,0,0,0,0,0,0,0,0,0,0,0,0,0,0,0,0,0,1,1,0,0,0,0,0,0,0,0,4,2,0,0,0,0,0,0,0,0,0,0,0,0,0,3,0,0,0,0,0
H-RS-32-34,2021-06-11,05:20:00,59.24608,-118.511848,"['CHSP', 'LEFL', 'LEFL', 'LEFL', 'TEWA', 'WTSP', 'TEWA', 'YBSA', 'WTSP', 'NAWA', 'UNPA', 'RUGR', 'WTSP', 'REVI', 'UNPA', 'DEJU', 'RUGR']",0,0,0,0,0,0,0,0,0,0,0,0,0,0,0,0,0,0,0,0,0,1,0,0,0,0,0,0,0,1,0,0,0,0,0,0,0,0,0,0,0,3,0,0,0,0,0,0,0,0,0,0,0,0,0,0,1,0,0,0,0,0,0,0,0,0,0,0,0,0,0,1,0,0,0,0,0,0,2,0,0,0,0,0,0,0,0,0,0,0,0,0,3,0,0,0,0,0
H-RS-32-56,2021-06-11,22:20:00,59.25536,-118.509316,"['HETH', 'MAWA', 'AMRE', 'OVEN', 'RUGR', 'HETH', 'YBFL', 'SWTH', 'HETH']",0,0,0,1,0,0,0,0,0,0,0,0,0,0,0,0,0,0,0,0,0,0,0,0,0,0,0,0,0,0,0,0,0,0,0,0,0,3,0,0,0,0,0,0,0,0,0,0,1,0,0,0,0,0,0,0,0,0,0,0,0,0,0,1,0,0,0,0,0,0,0,0,0,0,0,0,0,1,0,0,0,0,0,0,0,0,0,0,0,0,0,0,0,0,1,0,0,0
H-RS-32-8,2021-06-13,05:40:00,59.23214,-118.620072,"['SWSP', 'BHVI', 'SWTH', 'WTSP', 'CAJA', 'TEWA', 'WTSP', 'BCFR', 'WTSP', 'ALFL', 'ALFL', 'TEWA', 'TEWA', 'SWTH', 'WTSP', 'RBGR', 'WTSP', 'WTSP', 'CORA', 'DEJU', 'ALFL', 'BAWW', 'RESQ', 'WIWR', 'UNGU', 'COYE']",3,0,0,0,0,1,0,0,1,0,1,0,0,0,0,0,0,1,0,0,0,0,0,0,0,1,0,1,0,1,0,0,0,0,0,0,0,0,0,0,0,0,0,0,0,0,0,0,0,0,0,0,0,0,0,0,0,0,0,0,0,0,0,0,0,0,0,1,0,0,1,0,0,0,0,0,1,2,3,0,0,0,0,0,0,0,0,0,0,0,0,0,6,0,0,0,0,0
H-RS-33-25,2021-07-03,05:40:00,58.59094,-114.532379,"['LIWI', 'UNPA', 'OVEN', 'OVEN']",0,0,0,0,0,0,0,0,0,0,0,0,0,0,0,0,0,0,0,0,0,0,0,0,0,0,0,0,0,0,0,0,0,0,0,0,0,0,0,0,0,0,0,0,0,0,0,1,0,0,0,0,0,0,0,0,0,0,0,0,0,0,0,2,0,0,0,0,0,0,0,0,0,0,0,0,0,0,0,0,0,0,0,0,0,0,0,0,0,0,0,0,0,0,0,0,0,0
H-RS-5-17,2021-06-27,05:40:00,51.49305,-115.189769,"['VESP', 'CHSP', 'WAVI', 'CHSP', 'WTSP', 'AMRO']",0,0,0,0,1,0,0,0,0,0,0,0,0,0,0,0,0,0,0,0,0,2,0,0,0,0,0,0,0,0,0,0,0,0,0,0,0,0,0,0,0,0,0,0,0,0,0,0,0,0,0,0,0,0,0,0,0,0,0,0,0,0,0,0,0,0,0,0,0,0,0,0,0,0,0,0,0,0,0,0,0,0,1,1,0,0,0,0,0,0,0,0,1,0,0,0,0,0
H-RS-6-46,2021-06-16,05:00:00,52.18122,-115.34677,"['ALFL', 'WTSP', 'CHSP', 'LISP', 'SWTH', 'SWTH', 'LISP', 'COYT', 'WTSP', 'COYT', 'WTSP', 'COYT', 'WTSP']",1,0,0,0,0,0,0,0,0,0,0,0,0,0,0,0,0,0,0,0,0,1,0,0,0,0,0,0,3,0,0,0,0,0,0,0,0,0,0,0,0,0,0,0,0,2,0,0,0,0,0,0,0,0,0,0,0,0,0,0,0,0,0,0,0,0,0,0,0,0,0,0,0,0,0,0,0,2,0,0,0,0,0,0,0,0,0,0,0,0,0,0,4,0,0,0,0,0
H-RS-7-33,2021-06-07,22:20:00,52.77061,-115.054878,"['SWTH', 'SWTH', 'SWTH', 'SWTH', 'WTSP', 'WTSP', 'WISN', 'SWTH', 'WTSP', 'CANG', 'WTSP']",0,0,0,0,0,0,0,0,0,0,0,0,0,0,0,0,0,0,0,0,0,0,0,0,0,0,0,0,0,0,0,0,0,0,0,0,0,0,0,0,0,0,0,0,0,0,0,0,0,0,0,0,0,0,0,0,0,0,0,0,0,0,0,0,0,0,0,0,0,0,0,0,0,0,0,0,0,5,0,0,0,0,0,0,0,0,0,0,0,0,0,0,4,0,0,0,0,0
P-E0-2-17,2021-06-10,05:20:00,49.45444,-114.275487,"['CHSP', 'LINO', 'LIRA', 'AMRO', 'UNTR', 'WISN', 'HOWR', 'SWTH']",0,0,0,0,1,0,0,0,0,0,0,0,0,0,0,0,0,0,0,0,0,1,0,0,0,0,0,0,0,0,0,0,0,0,0,0,0,0,0,1,0,0,0,1,1,0,0,0,0,0,0,0,0,0,0,0,0,0,0,0,0,0,0,0,0,0,0,0,0,0,0,0,0,0,0,0,0,1,0,0,0,0,0,0,0,0,0,0,0,0,0,0,0,0,0,0,0,0
P-E0-20-10,2021-06-01,22:20:00,55.02969,-111.690984,"['SWTH', 'SWTH', 'BADO']",0,0,0,0,0,0,0,0,0,0,0,0,0,0,0,0,0,0,0,0,0,0,0,0,0,0,0,0,0,0,0,0,0,0,0,0,0,0,0,0,0,0,0,0,0,0,0,0,0,0,0,0,0,0,0,0,0,0,0,0,0,0,0,0,0,0,0,0,0,0,0,0,0,0,0,0,0,2,0,0,0,0,0,0,0,0,0,0,0,0,0,0,0,0,0,0,0,0
P-E0-20-46,2021-06-03,05:20:00,55.14456,-111.680571,"['DEJU', 'CANG', 'TEWA', 'REVI', 'YERA', 'YEWA', 'COYE', 'BAWW', 'CONW', 'AMBI', 'ALFL', 'TEWA', 'LCSP', 'LCSP', 'CCSP', 'SORA', 'WTSP']",1,0,0,0,0,1,0,0,0,0,0,0,0,0,0,0,0,0,0,1,0,0,0,0,1,0,0,1,0,1,0,0,0,0,0,0,0,0,0,0,2,0,0,0,0,0,0,0,0,0,0,0,0,0,0,0,0,0,0,0,0,0,0,0,0,0,0,0,0,0,0,1,0,0,0,0,0,0,2,0,0,0,0,0,0,0,0,0,0,0,0,0,1,0,0,1,0,0
P-E0-23-62,2021-06-07,05:40:00,56.08864,-115.279511,"['WTSP', 'TEWA', 'LISP', 'CCSP', 'COYE', 'PAWA', 'ALFL', 'DEJU', 'ALFL', 'TEWA', 'AMRO', 'WTSP', 'WISN', 'COYE', 'CCSP', 'UNKN', 'UNKN', 'ALFL', 'UNWO', 'LISP', 'COYE', 'PHVI', 'GRYE', 'CCSP', 'CCSP', 'COYE', 'WISN', 'WTSP', 'WTSP', 'SWTH', 'WTSP', 'CCSP', 'CCSP']",3,0,0,0,1,0,0,0,0,0,0,0,0,0,0,0,0,0,0,6,0,0,0,0,0,0,0,4,0,1,0,0,0,0,0,0,0,0,0,0,0,0,0,0,0,2,0,0,0,0,0,0,0,0,0,0,0,0,0,0,0,0,0,0,1,1,0,0,0,0,0,0,0,0,0,0,0,1,2,0,0,0,0,0,0,0,0,0,0,0,0,0,5,0,0,0,0,0
P-E0-3-21,2021-06-23,05:20:00,,,"['MAWA', 'WAVI', 'GCKI', 'AMRO', 'YRWA', 'MAWA', 'WAVI', 'TEWA']",0,0,0,0,1,0,0,0,0,0,0,0,0,0,0,0,0,0,0,0,0,0,0,0,0,0,0,0,0,0,0,0,0,0,1,0,0,0,0,0,0,0,0,0,0,0,0,0,2,0,0,0,0,0,0,0,0,0,0,0,0,0,0,0,0,0,0,0,0,0,0,0,0,0,0,0,0,0,1,0,0,0,0,2,0,0,0,0,0,0,0,0,0,0,0,0,0,1
P-E0-33-53,2021-07-02,22:40:00,58.59547,-114.528815,"['SWTH', 'SWTH', 'SWTH', 'SWTH']",0,0,0,0,0,0,0,0,0,0,0,0,0,0,0,0,0,0,0,0,0,0,0,0,0,0,0,0,0,0,0,0,0,0,0,0,0,0,0,0,0,0,0,0,0,0,0,0,0,0,0,0,0,0,0,0,0,0,0,0,0,0,0,0,0,0,0,0,0,0,0,0,0,0,0,0,0,4,0,0,0,0,0,0,0,0,0,0,0,0,0,0,0,0,0,0,0,0
P-E0-5-15,2021-06-25,22:40:00,51.49868,-115.154467,"['SWTH', 'SWTH', 'SWTH', 'AMRO', 'AMRO', 'AMRO']",0,0,0,0,3,0,0,0,0,0,0,0,0,0,0,0,0,0,0,0,0,0,0,0,0,0,0,0,0,0,0,0,0,0,0,0,0,0,0,0,0,0,0,0,0,0,0,0,0,0,0,0,0,0,0,0,0,0,0,0,0,0,0,0,0,0,0,0,0,0,0,0,0,0,0,0,0,3,0,0,0,0,0,0,0,0,0,0,0,0,0,0,0,0,0,0,0,0
P-P10-10-13,2021-06-02,22:00:00,,,"['AMRO', 'UNKN']",0,0,0,0,1,0,0,0,0,0,0,0,0,0,0,0,0,0,0,0,0,0,0,0,0,0,0,0,0,0,0,0,0,0,0,0,0,0,0,0,0,0,0,0,0,0,0,0,0,0,0,0,0,0,0,0,0,0,0,0,0,0,0,0,0,0,0,0,0,0,0,0,0,0,0,0,0,0,0,0,0,0,0,0,0,0,0,0,0,0,0,0,0,0,0,0,0,0
P-P10-2-15,2021-06-09,05:20:00,49.45356,-114.275509,"['WISN', 'EVGR', 'UNPA', 'GCKI', 'EVGR', 'AMRO', 'WTSP', 'WISN', 'CAJA', 'UNKN', 'RUGR']",0,0,0,0,1,0,0,0,0,0,0,0,0,0,0,0,0,1,0,0,0,0,0,0,0,0,0,0,0,0,0,0,2,0,1,0,0,0,0,0,0,0,0,0,0,0,0,0,0,0,0,0,0,0,0,0,0,0,0,0,0,0,0,0,0,0,0,0,0,0,0,0,0,0,0,0,0,0,0,0,0,0,0,0,0,0,0,0,0,0,0,0,1,0,0,0,0,0
P-P10-21-3,2021-07-02,05:40:00,55.70019,-119.679931,"['WTSP', 'WTSP', 'REVI', 'WTSP', 'SWTH', 'WTSP', 'AMRO', 'UNPA']",0,0,0,0,1,0,0,0,0,0,0,0,0,0,0,0,0,0,0,0,0,0,0,0,0,0,0,0,0,0,0,0,0,0,0,0,0,0,0,0,0,0,0,0,0,0,0,0,0,0,0,0,0,0,0,0,0,0,0,0,0,0,0,0,0,0,0,0,0,0,0,1,0,0,0,0,0,1,0,0,0,0,0,0,0,0,0,0,0,0,0,0,4,0,0,0,0,0
P-P10-22-58,2021-06-23,05:00:00,56.32567,-116.853996,"['DEJU', 'DEJU', 'HETH', 'HETH', 'DEJU', 'DEJU', 'HETH', 'CAJA', 'LITF', 'HETH', 'HETH', 'UNTR', 'MOWI']",0,0,0,0,0,0,0,0,0,0,0,0,0,0,0,0,0,1,0,0,0,0,0,0,0,0,0,0,0,4,0,0,0,0,0,0,0,5,0,0,0,0,0,0,0,0,1,0,0,0,0,0,0,0,0,1,0,0,0,0,0,0,0,0,0,0,0,0,0,0,0,0,0,0,0,0,0,0,0,0,0,0,0,0,0,0,0,0,0,0,0,0,0,0,0,0,0,0
P-P10-23-64,2021-06-08,05:20:00,56.08965,-115.2797,"['COYE', 'ALFL', 'ALFL', 'COYE', 'UNPA', 'WTSP', 'CCSP', 'PAWA', 'COYE', 'UNPA', 'TEWA', 'AMRO', 'PAWA', 'COYE', 'ALFL', 'LISP']",3,0,0,0,1,0,0,0,0,0,0,0,0,0,0,0,0,0,0,1,0,0,0,0,0,0,0,4,0,0,0,0,0,0,0,0,0,0,0,0,0,0,0,0,0,1,0,0,0,0,0,0,0,0,0,0,0,0,0,0,0,0,0,0,2,0,0,0,0,0,0,0,0,0,0,0,0,0,1,0,0,0,0,0,0,0,0,0,0,0,0,0,1,0,0,0,0,0
P-P10-27-24,2021-06-18,05:00:00,56.6292,-119.904048,"['YBFL', 'SWTH', 'BAWW', 'WAVI', 'SWTH', 'WAVI', 'BAWW', 'SWTH', 'FOSP', 'SWTH', 'UNPA', 'BAWW', 'DEJU']",0,0,0,0,0,3,0,0,0,0,0,0,0,0,0,0,0,0,0,0,0,0,0,0,0,0,0,0,0,1,0,0,0,1,0,0,0,0,0,0,0,0,0,0,0,0,0,0,0,0,0,0,0,0,0,0,0,0,0,0,0,0,0,0,0,0,0,0,0,0,0,0,0,0,0,0,0,4,0,0,0,0,0,2,0,0,0,0,0,0,0,0,0,0,1,0,0,0
P-P10-29-7,2021-05-28,22:00:00,56.77136,-114.828659,['BCFR'],0,0,0,0,0,0,0,0,1,0,0,0,0,0,0,0,0,0,0,0,0,0,0,0,0,0,0,0,0,0,0,0,0,0,0,0,0,0,0,0,0,0,0,0,0,0,0,0,0,0,0,0,0,0,0,0,0,0,0,0,0,0,0,0,0,0,0,0,0,0,0,0,0,0,0,0,0,0,0,0,0,0,0,0,0,0,0,0,0,0,0,0,0,0,0,0,0,0
P-P10-30-33,2021-06-22,22:40:00,58.34653,-119.620273,"['SWTH', 'OVEN', 'OVEN']",0,0,0,0,0,0,0,0,0,0,0,0,0,0,0,0,0,0,0,0,0,0,0,0,0,0,0,0,0,0,0,0,0,0,0,0,0,0,0,0,0,0,0,0,0,0,0,0,0,0,0,0,0,0,0,0,0,0,0,0,0,0,0,2,0,0,0,0,0,0,0,0,0,0,0,0,0,1,0,0,0,0,0,0,0,0,0,0,0,0,0,0,0,0,0,0,0,0
P-P10-30-51,2021-06-21,22:00:00,58.40477,-119.417911,"['SWTH', 'TEWA', 'UNPA', 'YRWA', 'UNKN', 'OVEN']",0,0,0,0,0,0,0,0,0,0,0,0,0,0,0,0,0,0,0,0,0,0,0,0,0,0,0,0,0,0,0,0,0,0,0,0,0,0,0,0,0,0,0,0,0,0,0,0,0,0,0,0,0,0,0,0,0,0,0,0,0,0,0,1,0,0,0,0,0,0,0,0,0,0,0,0,0,1,1,0,0,0,0,0,0,0,0,0,0,0,0,0,0,0,0,0,0,1
P-P10-33-51,2021-07-02,22:40:00,58.59509,-114.530486,"['SWTH', 'OVEN', 'RUGR', 'SWTH']",0,0,0,0,0,0,0,0,0,0,0,0,0,0,0,0,0,0,0,0,0,0,0,0,0,0,0,0,0,0,0,0,0,0,0,0,0,0,0,0,0,0,0,0,0,0,0,0,0,0,0,0,0,0,0,0,0,0,0,0,0,0,0,1,0,0,0,0,0,0,0,0,0,0,0,0,0,2,0,0,0,0,0,0,0,0,0,0,0,0,0,0,0,0,0,0,0,0
P-P15-2-14,2021-06-09,22:20:00,49.45311,-114.275361,"['WISN', 'UNPA', 'WISN', 'UCTH', 'HETH', 'UNKN']",0,0,0,0,0,0,0,0,0,0,0,0,0,0,0,0,0,0,0,0,0,0,0,0,0,0,0,0,0,0,0,0,0,0,0,0,0,1,0,0,0,0,0,0,0,0,0,0,0,0,0,0,0,0,0,0,0,0,0,0,0,0,0,0,0,0,0,0,0,0,0,0,0,0,0,0,0,0,0,0,0,0,0,0,0,0,0,0,0,0,0,0,0,0,0,0,0,0
P-P15-20-37,2021-06-05,05:00:00,55.1396,-111.678066,"['ALFL', 'AMRO', 'YERA', 'AMBI', 'PISI', 'WISN', 'SORA', 'TEWA', 'UNYE', 'LCSP', 'ALFL', 'YERA', 'COYE', 'OVEN', 'CHSP', 'SWSP', 'RWBL', 'COWW', 'SORA', 'DEJU']",2,0,0,0,1,0,0,0,0,0,0,0,0,0,0,0,0,0,0,0,0,1,0,0,0,0,1,1,0,1,0,0,0,0,0,0,0,0,0,0,1,0,0,0,0,0,0,0,0,0,0,0,0,0,0,0,0,0,0,0,0,0,0,1,0,0,1,0,0,0,0,0,1,0,0,0,1,0,1,0,0,0,0,0,0,0,0,0,0,0,0,0,0,0,0,0,0,0
P-P15-23-6,2021-06-05,22:20:00,56.03591,-115.344526,"['AMRO', 'HETH', 'CAJA', 'UNDU', 'YEWA', 'ALFL', 'SWSP']",1,0,0,0,1,0,0,0,0,0,0,0,0,0,0,0,0,1,0,0,0,0,0,0,0,0,0,0,0,0,0,0,0,0,0,0,0,1,0,0,0,0,0,0,0,0,0,0,0,0,0,0,0,0,0,0,0,0,0,0,0,0,0,0,0,0,0,0,0,0,0,0,0,0,0,0,1,0,0,0,0,0,0,0,0,0,0,0,0,0,0,0,0,0,0,1,0,0
P-P15-23-65,2021-06-08,22:40:00,56.09008,-115.279713,"['BCFR', 'LEYE', 'UNPA', 'COYE', 'AMRO', 'CCSP', 'SWTH', 'CCSP']",0,0,0,0,1,0,0,0,1,0,0,0,0,0,0,0,0,0,0,2,0,0,0,0,0,0,0,1,0,0,0,0,0,0,0,0,0,0,0,0,0,0,0,0,0,0,0,0,0,0,0,0,0,0,0,0,0,0,0,0,0,0,0,0,0,0,0,0,0,0,0,0,0,0,0,0,0,1,0,0,0,0,0,0,0,0,0,0,0,0,0,0,0,0,0,0,0,0
P-P15-29-8,2021-05-29,05:00:00,56.77158,-114.829265,"['OVEN', 'UNKN', 'WWCR', 'YRWA', 'WWCR', 'WWCR', 'WWCR', 'RUGR', 'PISI', 'BCFR']",0,0,0,0,0,0,0,0,1,0,0,0,0,0,0,0,0,0,0,0,0,0,0,0,0,0,0,0,0,0,0,0,0,0,0,0,0,0,0,0,0,0,0,0,0,0,0,0,0,0,0,0,0,0,0,0,0,0,0,0,0,0,0,1,0,0,1,0,0,0,0,0,0,0,0,0,0,0,0,0,0,0,0,0,0,0,0,0,0,0,0,0,0,4,0,0,0,1
P-P15-31-57,2021-05-27,22:40:00,59.90703,-115.525353,"['SWTH', 'WTSP', 'AMRO', 'SWTH', 'SWTH', 'HETH', 'BCFR', 'WIWA']",0,0,0,0,1,0,0,0,1,0,0,0,0,0,0,0,0,0,0,0,0,0,0,0,0,0,0,0,0,0,0,0,0,0,0,0,0,1,0,0,0,0,0,0,0,0,0,0,0,0,0,0,0,0,0,0,0,0,0,0,0,0,0,0,0,0,0,0,0,0,0,0,0,0,0,0,0,3,0,0,0,0,0,0,0,0,0,0,1,0,0,0,1,0,0,0,0,0
P-P15-32-52,2021-06-07,22:40:00,59.25243,-118.636261,['RUGR'],0,0,0,0,0,0,0,0,0,0,0,0,0,0,0,0,0,0,0,0,0,0,0,0,0,0,0,0,0,0,0,0,0,0,0,0,0,0,0,0,0,0,0,0,0,0,0,0,0,0,0,0,0,0,0,0,0,0,0,0,0,0,0,0,0,0,0,0,0,0,0,0,0,0,0,0,0,0,0,0,0,0,0,0,0,0,0,0,0,0,0,0,0,0,0,0,0,0
P-P15-33-16,2021-07-01,22:40:00,58.58606,-114.511427,"['NLFR', 'OVEN', 'GCKI', 'UNKN', 'AMRO', 'TEWA']",0,0,0,0,1,0,0,0,0,0,0,0,0,0,0,0,0,0,0,0,0,0,0,0,0,0,0,0,0,0,0,0,0,0,1,0,0,0,0,0,0,0,0,0,0,0,0,0,0,0,0,0,0,0,0,0,0,0,1,0,0,0,0,1,0,0,0,0,0,0,0,0,0,0,0,0,0,0,1,0,0,0,0,0,0,0,0,0,0,0,0,0,0,0,0,0,0,0
P-P15-33-49,2021-07-01,05:20:00,58.59494,-114.531139,"['SWTH', 'SWTH', 'OVEN']",0,0,0,0,0,0,0,0,0,0,0,0,0,0,0,0,0,0,0,0,0,0,0,0,0,0,0,0,0,0,0,0,0,0,0,0,0,0,0,0,0,0,0,0,0,0,0,0,0,0,0,0,0,0,0,0,0,0,0,0,0,0,0,1,0,0,0,0,0,0,0,0,0,0,0,0,0,2,0,0,0,0,0,0,0,0,0,0,0,0,0,0,0,0,0,0,0,0
P-P15-5-37,2021-06-26,05:40:00,51.53045,-115.106677,"['VATH', 'COWW', 'AMRO', 'OSFL', 'SWTH', 'VATH', 'UNPA', 'UNPA', 'VATH', 'GCKI', 'VATH', 'DEJU', 'WISN', 'SWTH', 'UNWO']",0,0,0,0,1,0,0,0,0,0,0,0,0,0,0,0,0,0,0,0,0,0,0,0,0,0,1,0,0,1,0,0,0,0,1,0,0,0,0,0,0,0,0,0,0,0,0,0,0,0,0,0,0,0,0,0,0,0,0,0,0,0,1,0,0,0,0,0,0,0,0,0,0,0,0,0,0,2,0,0,4,0,0,0,0,0,0,0,0,0,0,0,0,0,0,0,0,0
P-P5-10-19,2021-06-04,22:20:00,53.69508,-118.20349,['NONE'],0,0,0,0,0,0,0,0,0,0,0,0,0,0,0,0,0,0,0,0,0,0,0,0,0,0,0,0,0,0,0,0,0,0,0,0,0,0,0,0,0,0,0,0,0,0,0,0,0,0,0,0,0,0,0,0,0,0,0,1,0,0,0,0,0,0,0,0,0,0,0,0,0,0,0,0,0,0,0,0,0,0,0,0,0,0,0,0,0,0,0,0,0,0,0,0,0,0
P-P5-16-43,2021-06-11,22:00:00,54.69222,-110.766566,"['BCFR', 'COYE', 'SWSP', 'AMBI', 'LCSP', 'AMCO', 'UNSH', 'VIRA', 'RWBL', 'SORA', 'LEFL', 'RCKI', 'TEWA', 'TEWA', 'LCSP', 'WTSP', 'OSFL', 'CHSP', 'RWBL', 'AMCR', 'WISN', 'PISI']",0,0,0,0,0,0,0,0,1,0,0,0,0,0,0,0,0,0,0,0,0,1,0,0,0,0,0,1,0,0,0,0,0,0,0,0,0,0,0,0,2,1,0,0,0,0,0,0,0,0,0,0,0,0,0,0,0,0,0,0,0,0,1,0,0,0,1,0,0,1,0,0,2,0,0,0,1,0,2,0,0,0,0,0,0,0,0,0,0,0,0,0,1,0,0,0,0,0
P-P5-20-40,2021-06-03,22:00:00,55.13977,-111.679556,"['YERA', 'LCSP', 'SORA', 'COYE', 'CANG', 'CANG', 'SORA', 'SWSP', 'YERA', 'LCSP', 'SEWR', 'SWSP', 'CANG', 'COWW', 'WISN', 'CONI']",0,0,0,0,0,0,0,0,0,0,0,0,0,0,0,0,0,0,0,0,0,0,0,0,0,0,1,1,0,0,0,0,0,0,0,0,0,0,0,0,2,0,0,0,0,0,0,0,0,0,0,0,0,0,0,0,0,0,0,0,0,0,0,0,0,0,0,0,0,0,0,0,0,0,1,0,2,0,0,0,0,0,0,0,0,0,0,0,0,0,0,0,0,0,0,0,0,0
P-P5-21-33,2021-07-03,05:20:00,55.80634,-119.71922,"['REVI', 'CCSP', 'WTSP', 'WTSP', 'WTSP', 'OCWA', 'SWTH', 'UNPA', 'OVEN', 'AMRE', 'AMRO']",0,0,0,1,1,0,0,0,0,0,0,0,0,0,0,0,0,0,0,1,0,0,0,0,0,0,0,0,0,0,0,0,0,0,0,0,0,0,0,0,0,0,0,0,0,0,0,0,0,0,0,0,0,0,0,0,0,0,0,0,0,1,0,1,0,0,0,0,0,0,0,1,0,0,0,0,0,1,0,0,0,0,0,0,0,0,0,0,0,0,0,0,3,0,0,0,0,0
P-P5-23-8,2021-06-09,05:20:00,56.03646,-115.343392,"['AMRO', 'YEWA', 'WTSP', 'ALFL', 'TEWA', 'WTSP', 'LCSP', 'COYE', 'YEWA', 'WTSP', 'TRES', 'TEWA', 'UNPA', 'GWTE', 'CAJA', 'ALFL', 'WIWR', 'AMRO', 'AMCO', 'COYE', 'SOSP', 'CAJA', 'CAJA', 'SWSP']",2,0,0,0,2,0,0,0,0,0,0,0,0,0,0,0,0,3,0,0,0,0,0,0,0,0,0,2,0,0,0,0,0,0,0,0,0,0,0,0,1,0,0,0,0,0,0,0,0,0,0,0,0,0,0,0,0,0,0,0,0,0,0,0,0,0,0,0,0,0,0,0,0,0,0,1,1,0,2,1,0,0,0,0,0,0,0,0,0,0,0,0,3,0,0,2,0,0
P-P5-27-22,2021-06-18,05:00:00,56.62926,-119.903233,"['SWTH', 'FOSP', 'GCKI', 'SWTH', 'WAVI', 'WTSP', 'SWTH', 'BAWW']",0,0,0,0,0,1,0,0,0,0,0,0,0,0,0,0,0,0,0,0,0,0,0,0,0,0,0,0,0,0,0,0,0,1,1,0,0,0,0,0,0,0,0,0,0,0,0,0,0,0,0,0,0,0,0,0,0,0,0,0,0,0,0,0,0,0,0,0,0,0,0,0,0,0,0,0,0,3,0,0,0,0,0,1,0,0,0,0,0,0,0,0,1,0,0,0,0,0
P-P5-29-6,2021-05-28,05:40:00,56.77108,-114.827926,"['TEWA', 'RBNU', 'TEWA', 'WIWR', 'YRWA', 'BLJA']",0,0,0,0,0,0,0,0,0,0,0,1,0,0,0,0,0,0,0,0,0,0,0,0,0,0,0,0,0,0,0,0,0,0,0,0,0,0,0,0,0,0,0,0,0,0,0,0,0,0,0,0,0,0,0,0,0,0,0,0,0,0,0,0,0,0,0,0,1,0,0,0,0,0,0,0,0,0,2,0,0,0,0,0,0,0,0,0,0,0,0,0,0,0,0,0,0,1
P-P5-3-11,2021-06-22,05:40:00,49.90255,-114.468241,"['SWTH', 'YRWA', 'RCKI', 'WAVI', 'PISI', 'RUGR']",0,0,0,0,0,0,0,0,0,0,0,0,0,0,0,0,0,0,0,0,0,0,0,0,0,0,0,0,0,0,0,0,0,0,0,0,0,0,0,0,0,0,0,0,0,0,0,0,0,0,0,0,0,0,0,0,0,0,0,0,0,0,0,0,0,0,1,0,0,1,0,0,0,0,0,0,0,1,0,0,0,0,0,1,0,0,0,0,0,0,0,0,0,0,0,0,0,1
P-P5-30-32,2021-06-22,22:00:00,58.34611,-119.620275,"['SWTH', 'WETA', 'RESQ', 'RESQ', 'OVEN']",0,0,0,0,0,0,0,0,0,0,0,0,0,0,0,0,0,0,0,0,0,0,0,0,0,0,0,0,0,0,0,0,0,0,0,0,0,0,0,0,0,0,0,0,0,0,0,0,0,0,0,0,0,0,0,0,0,0,0,0,0,0,0,1,0,0,0,0,0,0,2,0,0,0,0,0,0,1,0,0,0,0,0,0,0,0,1,0,0,0,0,0,0,0,0,0,0,0
P-P5-30-52,2021-06-23,05:00:00,58.40496,-119.417963,"['REVI', 'LIWI', 'SWTH', 'UNWA', 'TEWA', 'AMRE', 'OVEN', 'OVEN', 'RESQ']",0,0,0,1,0,0,0,0,0,0,0,0,0,0,0,0,0,0,0,0,0,0,0,0,0,0,0,0,0,0,0,0,0,0,0,0,0,0,0,0,0,0,0,0,0,0,0,1,0,0,0,0,0,0,0,0,0,0,0,0,0,0,0,2,0,0,0,0,0,0,1,1,0,0,0,0,0,1,1,0,0,0,0,0,0,0,0,0,0,0,0,0,0,0,0,0,0,0
P-P5-32-50,2021-06-08,05:20:00,59.25127,-118.636343,"['SWTH', 'OVEN', 'OVEN', 'OVEN', 'OVEN', 'YBSA', 'RUGR', 'RESQ', 'YBSA', 'UNKN', 'WWCR']",0,0,0,0,0,0,0,0,0,0,0,0,0,0,0,0,0,0,0,0,0,0,0,0,0,0,0,0,0,0,0,0,0,0,0,0,0,0,0,0,0,0,0,0,0,0,0,0,0,0,0,0,0,0,0,0,0,0,0,0,0,0,0,4,0,0,0,0,0,0,1,0,0,0,0,0,0,1,0,0,0,0,0,0,0,0,0,0,0,0,0,0,0,1,0,0,0,0
P-P5-33-52,2021-07-02,05:00:00,58.59533,-114.529636,"['UCTH', 'UCTH', 'AMRE', 'SWTH', 'SWTH']",0,0,0,1,0,0,0,0,0,0,0,0,0,0,0,0,0,0,0,0,0,0,0,0,0,0,0,0,0,0,0,0,0,0,0,0,0,0,0,0,0,0,0,0,0,0,0,0,0,0,0,0,0,0,0,0,0,0,0,0,0,0,0,0,0,0,0,0,0,0,0,0,0,0,0,0,0,2,0,0,0,0,0,0,0,0,0,0,0,0,0,0,0,0,0,0,0,0
P-P5-5-16,2021-06-25,22:40:00,51.49921,-115.154412,"['SWTH', 'AMRO', 'SWTH', 'AMRO', 'SWTH']",0,0,0,0,2,0,0,0,0,0,0,0,0,0,0,0,0,0,0,0,0,0,0,0,0,0,0,0,0,0,0,0,0,0,0,0,0,0,0,0,0,0,0,0,0,0,0,0,0,0,0,0,0,0,0,0,0,0,0,0,0,0,0,0,0,0,0,0,0,0,0,0,0,0,0,0,0,3,0,0,0,0,0,0,0,0,0,0,0,0,0,0,0,0,0,0,0,0
P-P5-7-23,2021-06-05,22:00:00,52.76492,-115.055646,"['WIWA', 'WTSP', 'SWTH', 'UCTH', 'SWTH', 'WTSP', 'WTSP', 'WTSP', 'AMRO', 'WIWA', 'WTSP']",0,0,0,0,1,0,0,0,0,0,0,0,0,0,0,0,0,0,0,0,0,0,0,0,0,0,0,0,0,0,0,0,0,0,0,0,0,0,0,0,0,0,0,0,0,0,0,0,0,0,0,0,0,0,0,0,0,0,0,0,0,0,0,0,0,0,0,0,0,0,0,0,0,0,0,0,0,2,0,0,0,0,0,0,0,0,0,0,2,0,0,0,5,0,0,0,0,0
R-E0-19-43,2021-05-26,22:20:00,55.21994,-113.400427,"['SWTH', 'WTSP', 'SWTH', 'WTSP', 'UNPA', 'WTSP', 'BCFR', 'WTSP', 'WTSP', 'SWTH', 'OVEN', 'WTSP']",0,0,0,0,0,0,0,0,1,0,0,0,0,0,0,0,0,0,0,0,0,0,0,0,0,0,0,0,0,0,0,0,0,0,0,0,0,0,0,0,0,0,0,0,0,0,0,0,0,0,0,0,0,0,0,0,0,0,0,0,0,0,0,1,0,0,0,0,0,0,0,0,0,0,0,0,0,3,0,0,0,0,0,0,0,0,0,0,0,0,0,0,6,0,0,0,0,0
R-E0-19-61,2021-06-08,05:00:00,55.25441,-113.461577,"['TEWA', 'CHSP', 'REVI', 'UNPA', 'UNBI', 'WTSP', 'RBGR', 'REVI', 'SWTH']",0,0,0,0,0,0,0,0,0,0,0,0,0,0,0,0,0,0,0,0,0,1,0,0,0,0,0,0,0,0,0,0,0,0,0,0,0,0,0,0,0,0,0,0,0,0,0,0,0,0,0,0,0,0,0,0,0,0,0,0,0,0,0,0,0,0,0,1,0,0,0,2,0,0,0,0,0,1,1,0,0,0,0,0,0,0,0,0,0,0,0,0,1,0,0,0,0,0
R-E0-19-95,2021-05-28,05:20:00,55.26115,-113.481562,['OVEN'],0,0,0,0,0,0,0,0,0,0,0,0,0,0,0,0,0,0,0,0,0,0,0,0,0,0,0,0,0,0,0,0,0,0,0,0,0,0,0,0,0,0,0,0,0,0,0,0,0,0,0,0,0,0,0,0,0,0,0,0,0,0,0,1,0,0,0,0,0,0,0,0,0,0,0,0,0,0,0,0,0,0,0,0,0,0,0,0,0,0,0,0,0,0,0,0,0,0
R-E0-2-30,2021-06-07,05:40:00,49.42061,-114.302668,"['PISI', 'PISI', 'SWTH', 'PISI']",0,0,0,0,0,0,0,0,0,0,0,0,0,0,0,0,0,0,0,0,0,0,0,0,0,0,0,0,0,0,0,0,0,0,0,0,0,0,0,0,0,0,0,0,0,0,0,0,0,0,0,0,0,0,0,0,0,0,0,0,0,0,0,0,0,0,3,0,0,0,0,0,0,0,0,0,0,1,0,0,0,0,0,0,0,0,0,0,0,0,0,0,0,0,0,0,0,0
R-E0-2-49,2021-06-07,05:20:00,49.4732,-114.388619,"['CHSP', 'UNAM', 'MOCH', 'UNTR', 'CHSP', 'AMRO']",0,0,0,0,1,0,0,0,0,0,0,0,0,0,0,0,0,0,0,0,0,2,0,0,0,0,0,0,0,0,0,0,0,0,0,0,0,0,0,0,0,0,0,0,0,0,0,0,0,0,1,0,0,0,0,0,0,0,0,0,0,0,0,0,0,0,0,0,0,0,0,0,0,0,0,0,0,0,0,0,0,0,0,0,0,0,0,0,0,0,0,0,0,0,0,0,0,0
R-E0-20-4,2021-06-03,05:00:00,55.02736,-111.675702,"['REVI', 'TEWA', 'CANG', 'TEWA', 'HETH', 'TEWA', 'CHSP', 'TEWA', 'CHSP', 'RBGR', 'CAJA']",0,0,0,0,0,0,0,0,0,0,0,0,0,0,0,0,0,1,0,0,0,2,0,0,0,0,0,0,0,0,0,0,0,0,0,0,0,1,0,0,0,0,0,0,0,0,0,0,0,0,0,0,0,0,0,0,0,0,0,0,0,0,0,0,0,0,0,1,0,0,0,1,0,0,0,0,0,0,4,0,0,0,0,0,0,0,0,0,0,0,0,0,0,0,0,0,0,0
R-E0-21-17,2021-07-02,22:40:00,55.70555,-119.677201,"['WTSP', 'WTSP', 'SWTH', 'WTSP', 'WTSP', 'SWTH', 'UNTH']",0,0,0,0,0,0,0,0,0,0,0,0,0,0,0,0,0,0,0,0,0,0,0,0,0,0,0,0,0,0,0,0,0,0,0,0,0,0,0,0,0,0,0,0,0,0,0,0,0,0,0,0,0,0,0,0,0,0,0,0,0,0,0,0,0,0,0,0,0,0,0,0,0,0,0,0,0,2,0,0,0,0,0,0,0,0,0,0,0,0,0,0,4,0,0,0,0,0
R-E0-22-10,2021-06-20,22:20:00,56.25214,-116.822256,"['AMRE', 'OVEN', 'LEFL', 'WTSP', 'WTSP', 'WTSP']",0,0,0,1,0,0,0,0,0,0,0,0,0,0,0,0,0,0,0,0,0,0,0,0,0,0,0,0,0,0,0,0,0,0,0,0,0,0,0,0,0,1,0,0,0,0,0,0,0,0,0,0,0,0,0,0,0,0,0,0,0,0,0,1,0,0,0,0,0,0,0,0,0,0,0,0,0,0,0,0,0,0,0,0,0,0,0,0,0,0,0,0,3,0,0,0,0,0
R-E0-23-46,2021-06-09,22:00:00,56.05333,-115.27202,['NONE'],0,0,0,0,0,0,0,0,0,0,0,0,0,0,0,0,0,0,0,0,0,0,0,0,0,0,0,0,0,0,0,0,0,0,0,0,0,0,0,0,0,0,0,0,0,0,0,0,0,0,0,0,0,0,0,0,0,0,0,1,0,0,0,0,0,0,0,0,0,0,0,0,0,0,0,0,0,0,0,0,0,0,0,0,0,0,0,0,0,0,0,0,0,0,0,0,0,0
R-E0-23-66,2021-06-13,05:00:00,56.04174,-115.29765,"['TEWA', 'TEWA', 'UNPA', 'OVEN', 'WTSP', 'WTSP', 'YRWA', 'TEWA', 'REVI', 'UNBI', 'CHSP', 'GRYE']",0,0,0,0,0,0,0,0,0,0,0,0,0,0,0,0,0,0,0,0,0,1,0,0,0,0,0,0,0,0,0,0,0,0,0,0,0,0,0,0,0,0,0,0,0,0,0,0,0,0,0,0,0,0,0,0,0,0,0,0,0,0,0,1,0,0,0,0,0,0,0,1,0,0,0,0,0,0,3,0,0,0,0,0,0,0,0,0,0,0,0,0,2,0,0,0,0,1
R-E0-27-13,2021-06-18,05:00:00,56.62382,-119.924052,"['DEJU', 'SWTH', 'WAVI', 'DEJU', 'UNBI', 'UNTR', 'ALFL', 'FOSP', 'AMRO', 'UNBI']",1,0,0,0,1,0,0,0,0,0,0,0,0,0,0,0,0,0,0,0,0,0,0,0,0,0,0,0,0,2,0,0,0,1,0,0,0,0,0,0,0,0,0,0,0,0,0,0,0,0,0,0,0,0,0,0,0,0,0,0,0,0,0,0,0,0,0,0,0,0,0,0,0,0,0,0,0,1,0,0,0,0,0,1,0,0,0,0,0,0,0,0,0,0,0,0,0,0
R-E0-29-50,2021-05-28,22:20:00,56.86729,-114.669646,"['OVEN', 'SWTH', 'SWTH', 'OVEN', 'UNKN', 'OVEN', 'TEWA']",0,0,0,0,0,0,0,0,0,0,0,0,0,0,0,0,0,0,0,0,0,0,0,0,0,0,0,0,0,0,0,0,0,0,0,0,0,0,0,0,0,0,0,0,0,0,0,0,0,0,0,0,0,0,0,0,0,0,0,0,0,0,0,3,0,0,0,0,0,0,0,0,0,0,0,0,0,2,1,0,0,0,0,0,0,0,0,0,0,0,0,0,0,0,0,0,0,0
R-E0-3-39,2021-06-22,22:00:00,50.01807,-114.53029,"['SWTH', 'SWTH', 'WTSP', 'SWTH', 'AMRO', 'AMRO']",0,0,0,0,2,0,0,0,0,0,0,0,0,0,0,0,0,0,0,0,0,0,0,0,0,0,0,0,0,0,0,0,0,0,0,0,0,0,0,0,0,0,0,0,0,0,0,0,0,0,0,0,0,0,0,0,0,0,0,0,0,0,0,0,0,0,0,0,0,0,0,0,0,0,0,0,0,3,0,0,0,0,0,0,0,0,0,0,0,0,0,0,1,0,0,0,0,0
R-E0-32-5,2021-06-09,22:40:00,59.22274,-118.634067,"['SWTH', 'SWTH', 'RUGR', 'SWTH']",0,0,0,0,0,0,0,0,0,0,0,0,0,0,0,0,0,0,0,0,0,0,0,0,0,0,0,0,0,0,0,0,0,0,0,0,0,0,0,0,0,0,0,0,0,0,0,0,0,0,0,0,0,0,0,0,0,0,0,0,0,0,0,0,0,0,0,0,0,0,0,0,0,0,0,0,0,3,0,0,0,0,0,0,0,0,0,0,0,0,0,0,0,0,0,0,0,0
R-E0-33-10,2021-07-01,05:40:00,58.58508,-114.565032,"['WTSP', 'REVI', 'OVEN', 'TEWA', 'SWTH', 'GCKI', 'WTSP', 'YRWA', 'OVEN']",0,0,0,0,0,0,0,0,0,0,0,0,0,0,0,0,0,0,0,0,0,0,0,0,0,0,0,0,0,0,0,0,0,0,1,0,0,0,0,0,0,0,0,0,0,0,0,0,0,0,0,0,0,0,0,0,0,0,0,0,0,0,0,2,0,0,0,0,0,0,0,1,0,0,0,0,0,1,1,0,0,0,0,0,0,0,0,0,0,0,0,0,2,0,0,0,0,1
R-P10-10-53,2021-06-05,05:20:00,53.7435,-118.40179,"['BOCH', 'YRWA', 'UNPA', 'DEJU']",0,0,0,0,0,0,0,0,0,0,0,0,0,1,0,0,0,0,0,0,0,0,0,0,0,0,0,0,0,1,0,0,0,0,0,0,0,0,0,0,0,0,0,0,0,0,0,0,0,0,0,0,0,0,0,0,0,0,0,0,0,0,0,0,0,0,0,0,0,0,0,0,0,0,0,0,0,0,0,0,0,0,0,0,0,0,0,0,0,0,0,0,0,0,0,0,0,1
R-P10-19-46,2021-05-31,22:00:00,55.22028,-113.399228,"['WTSP', 'SWTH', 'AMRO', 'TEWA', 'WTSP', 'CHSP', 'OVEN', 'TEWA', 'WTSP', 'WTSP', 'RUGR', 'CMWA']",0,0,0,0,1,0,0,0,0,0,0,0,0,0,0,0,0,0,0,0,0,1,0,1,0,0,0,0,0,0,0,0,0,0,0,0,0,0,0,0,0,0,0,0,0,0,0,0,0,0,0,0,0,0,0,0,0,0,0,0,0,0,0,1,0,0,0,0,0,0,0,0,0,0,0,0,0,1,2,0,0,0,0,0,0,0,0,0,0,0,0,0,4,0,0,0,0,0
R-P10-19-66,2021-06-12,05:00:00,55.25489,-113.460511,"['SWTH', 'SWTH', 'BTNW', 'SWTH', 'UNPA', 'RUGR', 'SWTH', 'UNPA', 'YRWA', 'PISI', 'RBNU', 'CHSP', 'AMRO', 'UNPA', 'CANG']",0,0,0,0,1,0,0,0,0,0,0,0,0,0,0,0,1,0,0,0,0,1,0,0,0,0,0,0,0,0,0,0,0,0,0,0,0,0,0,0,0,0,0,0,0,0,0,0,0,0,0,0,0,0,0,0,0,0,0,0,0,0,0,0,0,0,1,0,1,0,0,0,0,0,0,0,0,4,0,0,0,0,0,0,0,0,0,0,0,0,0,0,0,0,0,0,0,1
R-P10-2-28,2021-06-10,22:40:00,49.42134,-114.302231,['HETH'],0,0,0,0,0,0,0,0,0,0,0,0,0,0,0,0,0,0,0,0,0,0,0,0,0,0,0,0,0,0,0,0,0,0,0,0,0,1,0,0,0,0,0,0,0,0,0,0,0,0,0,0,0,0,0,0,0,0,0,0,0,0,0,0,0,0,0,0,0,0,0,0,0,0,0,0,0,0,0,0,0,0,0,0,0,0,0,0,0,0,0,0,0,0,0,0,0,0
R-P10-2-51,2021-06-10,05:20:00,49.47276,-114.387338,"['MORA', 'SWTH']",0,0,0,0,0,0,0,0,0,0,0,0,0,0,0,0,0,0,0,0,0,0,0,0,0,0,0,0,0,0,0,0,0,0,0,0,0,0,0,0,0,0,0,0,0,0,0,0,0,0,0,0,1,0,0,0,0,0,0,0,0,0,0,0,0,0,0,0,0,0,0,0,0,0,0,0,0,1,0,0,0,0,0,0,0,0,0,0,0,0,0,0,0,0,0,0,0,0
R-P10-20-33,2021-06-01,05:00:00,55.13473,-111.68319,"['DEJU', 'NESP', 'CHSP', 'DEJU', 'SORA', 'SORA', 'DEJU', 'HETH', 'AMBI', 'VIRA', 'HETH', 'LCSP', 'TEWA', 'REVI']",0,0,0,0,0,0,0,0,0,0,0,0,0,0,0,0,0,0,0,0,0,1,0,0,0,0,0,0,0,3,0,0,0,0,0,0,0,2,0,0,1,0,0,0,0,0,0,0,0,0,0,0,0,0,0,0,0,1,0,0,0,0,0,0,0,0,0,0,0,0,0,1,0,0,0,0,0,0,1,0,0,0,0,0,0,0,0,0,0,0,0,0,0,0,0,0,0,0
R-P10-23-44,2021-06-07,22:00:00,56.05428,-115.271932,"['UNBI', 'HETH', 'TEWA', 'WTSP', 'BLJA', 'WISN', 'HETH', 'HETH', 'HETH', 'WTSP', 'UNKN', 'WTSP', 'RCKI', 'WISN', 'SWTH', 'OVEN']",0,0,0,0,0,0,0,0,0,0,0,1,0,0,0,0,0,0,0,0,0,0,0,0,0,0,0,0,0,0,0,0,0,0,0,0,0,4,0,0,0,0,0,0,0,0,0,0,0,0,0,0,0,0,0,0,0,0,0,0,0,0,0,1,0,0,0,0,0,1,0,0,0,0,0,0,0,1,1,0,0,0,0,0,0,0,0,0,0,0,0,0,3,0,0,0,0,0
R-P10-27-10,2021-06-17,05:00:00,56.62293,-119.924018,"['SWTH', 'YRWA', 'YRWA', 'UNPA', 'SWTH', 'SWTH', 'SWTH', 'SWTH', 'WISN', 'UNPA']",0,0,0,0,0,0,0,0,0,0,0,0,0,0,0,0,0,0,0,0,0,0,0,0,0,0,0,0,0,0,0,0,0,0,0,0,0,0,0,0,0,0,0,0,0,0,0,0,0,0,0,0,0,0,0,0,0,0,0,0,0,0,0,0,0,0,0,0,0,0,0,0,0,0,0,0,0,5,0,0,0,0,0,0,0,0,0,0,0,0,0,0,0,0,0,0,0,2
R-P10-29-2,2021-05-29,05:20:00,56.7701,-114.83634,"['RCKI', 'GCKI', 'TEWA', 'SWTH', 'SWTH', 'TEWA', 'AMRO', 'WIWR', 'PIWO', 'OVEN', 'BOCH', 'SWTH', 'SWTH', 'SWTH', 'SWTH', 'TEWA', 'SWTH']",0,0,0,0,1,0,0,0,0,0,0,0,0,1,0,0,0,0,0,0,0,0,0,0,0,0,0,0,0,0,0,0,0,0,1,0,0,0,0,0,0,0,0,0,0,0,0,0,0,0,0,0,0,0,0,0,0,0,0,0,0,0,0,1,0,0,0,0,0,1,0,0,0,0,0,0,0,7,3,0,0,0,0,0,0,0,0,0,0,0,0,0,0,0,0,0,0,0
R-P10-31-16,2021-05-28,22:40:00,57.85837,-115.540009,"['SWTH', 'TEWA', 'SWTH', 'OVEN', 'OVEN', 'OVEN', 'SWTH', 'OVEN', 'TEWA', 'RUGR', 'SWTH', 'WTSP', 'TEWA', 'OVEN', 'SWTH', 'OVEN', 'OVEN', 'OVEN', 'SWTH', 'UNPA', 'UNPA', 'UNPA']",0,0,0,0,0,0,0,0,0,0,0,0,0,0,0,0,0,0,0,0,0,0,0,0,0,0,0,0,0,0,0,0,0,0,0,0,0,0,0,0,0,0,0,0,0,0,0,0,0,0,0,0,0,0,0,0,0,0,0,0,0,0,0,8,0,0,0,0,0,0,0,0,0,0,0,0,0,6,3,0,0,0,0,0,0,0,0,0,0,0,0,0,1,0,0,0,0,0
R-P10-31-2,2021-05-26,22:20:00,57.84184,-115.562981,"['SWTH', 'OVEN', 'OVEN', 'OVEN', 'SWTH', 'RUGR', 'OVEN', 'UNTR']",0,0,0,0,0,0,0,0,0,0,0,0,0,0,0,0,0,0,0,0,0,0,0,0,0,0,0,0,0,0,0,0,0,0,0,0,0,0,0,0,0,0,0,0,0,0,0,0,0,0,0,0,0,0,0,0,0,0,0,0,0,0,0,4,0,0,0,0,0,0,0,0,0,0,0,0,0,2,0,0,0,0,0,0,0,0,0,0,0,0,0,0,0,0,0,0,0,0
R-P10-32-3,2021-06-06,05:40:00,59.2223,-118.632939,"['TEWA', 'SWTH', 'TEWA', 'WTSP', 'TEWA', 'CONW', 'TEWA', 'WTSP', 'NOWA', 'CAJA', 'UNPA']",0,0,0,0,0,0,0,0,0,0,0,0,0,0,0,0,0,1,0,0,0,0,0,0,1,0,0,0,0,0,0,0,0,0,0,0,0,0,0,0,0,0,0,0,0,0,0,0,0,0,0,0,0,0,0,0,0,0,0,0,1,0,0,0,0,0,0,0,0,0,0,0,0,0,0,0,0,1,4,0,0,0,0,0,0,0,0,0,0,0,0,0,2,0,0,0,0,0
R-P10-33-14,2021-07-01,22:00:00,58.58559,-114.708282,"['SWTH', 'CONI', 'SWTH']",0,0,0,0,0,0,0,0,0,0,0,0,0,0,0,0,0,0,0,0,0,0,0,0,0,0,0,0,0,0,0,0,0,0,0,0,0,0,0,0,0,0,0,0,0,0,0,0,0,0,0,0,0,0,0,0,0,0,0,0,0,0,0,0,0,0,0,0,0,0,0,0,0,0,0,0,0,2,0,0,0,0,0,0,0,0,0,0,0,0,0,0,0,0,0,0,0,0
R-P15-19-103,2021-06-09,05:20:00,55.2625,-113.48177,"['YEWA', 'TEWA', 'REVI', 'WTSP', 'SWTH', 'BRCR', 'WTSP', 'HETH', 'TEWA', 'WISN']",0,0,0,0,0,0,0,0,0,0,0,0,0,0,1,0,0,0,0,0,0,0,0,0,0,0,0,0,0,0,0,0,0,0,0,0,0,1,0,0,0,0,0,0,0,0,0,0,0,0,0,0,0,0,0,0,0,0,0,0,0,0,0,0,0,0,0,0,0,0,0,1,0,0,0,0,0,1,2,0,0,0,0,0,0,0,0,0,0,0,0,0,2,0,0,1,0,0
R-P15-2-27,2021-06-09,05:40:00,49.42171,-114.302245,"['SWTH', 'WAVI', 'BCCH', 'LISP', 'BCCH', 'CHSP', 'RUGR', 'CORA', 'LISP', 'SWTH', 'SWTH']",0,0,0,0,0,0,0,2,0,0,0,0,0,0,0,0,0,0,0,0,0,1,0,0,0,1,0,0,0,0,0,0,0,0,0,0,0,0,0,0,0,0,0,0,0,2,0,0,0,0,0,0,0,0,0,0,0,0,0,0,0,0,0,0,0,0,0,0,0,0,0,0,0,0,0,0,0,3,0,0,0,0,0,1,0,0,0,0,0,0,0,0,0,0,0,0,0,0
R-P15-20-34,2021-06-02,05:20:00,55.1348,-111.682467,"['REVI', 'YERA', 'RBNU', 'SORA', 'CANG', 'CHSP', 'SEWR', 'SORA', 'NESP', 'SAVS', 'SEWR', 'OVEN', 'BBPL', 'SEWR', 'TEWA', 'AMRO', 'LCSP']",0,0,0,0,1,0,0,0,0,0,0,0,0,0,0,0,0,0,0,0,0,1,0,0,0,0,0,0,0,0,0,0,0,0,0,0,0,0,0,0,1,0,0,0,0,0,0,0,0,0,0,0,0,0,0,0,0,1,0,0,0,0,0,1,0,0,0,0,1,0,0,1,0,1,3,0,0,0,1,0,0,0,0,0,0,0,0,0,0,0,0,0,0,0,0,0,0,0
R-P15-22-17,2021-06-25,05:40:00,56.25803,-116.876493,"['UNTR', 'MOTF', 'WIWR', 'AMRO', 'SWTH', 'WTSP', 'CHSP', 'LISP', 'COYE', 'LISP', 'COYE', 'WISN', 'PISI', 'COYE']",0,0,0,0,1,0,0,0,0,0,0,0,0,0,0,0,0,0,0,0,0,1,0,0,0,0,0,3,0,0,0,0,0,0,0,0,0,0,0,0,0,0,0,0,0,2,0,0,0,0,0,0,0,1,0,0,0,0,0,0,0,0,0,0,0,0,1,0,0,0,0,0,0,0,0,0,0,1,0,0,0,0,0,0,0,0,0,0,0,0,0,0,1,0,0,0,0,0
R-P15-23-13,2021-06-07,22:40:00,56.04621,-115.348824,"['WETA', 'RWBL', 'SWTH', 'UNPA', 'YEWA', 'RWBL', 'OVEN', 'CHSP', 'RWBL', 'RWBL', 'CANG', 'ALFL', 'YERA', 'TEWA', 'SWTH', 'COYE', 'RWBL', 'COYE', 'AMRO', 'ALFL', 'AMBI', 'BEKI', 'SWTH', 'RWBL', 'YHBL']",2,0,0,0,1,0,0,0,0,0,0,0,0,0,0,0,0,0,0,0,0,1,0,0,0,0,0,2,0,0,0,0,0,0,0,0,0,0,0,0,0,0,0,0,0,0,0,0,0,0,0,0,0,0,0,0,0,0,0,0,0,0,0,1,0,0,0,0,0,0,0,0,6,0,0,0,0,3,1,0,0,0,0,0,0,0,1,0,0,0,0,0,0,0,0,1,1,0
R-P15-29-4,2021-05-28,22:40:00,56.77022,-114.835606,"['SWTH', 'SWTH', 'WIWR', 'SWTH', 'UNKN', 'AMBI', 'COLO']",0,0,0,0,0,0,0,0,0,0,0,0,0,0,0,0,0,0,0,0,0,0,0,0,0,0,0,0,0,0,0,0,0,0,0,0,0,0,0,0,0,0,0,0,0,0,0,0,0,0,0,0,0,0,0,0,0,0,0,0,0,0,0,0,0,0,0,0,0,0,0,0,0,0,0,0,0,3,0,0,0,0,0,0,0,0,0,0,0,0,0,0,0,0,0,0,0,0
R-P15-31-1,2021-05-30,22:20:00,57.84178,-115.562201,"['OVEN', 'OVEN', 'BBWA', 'AMRO', 'OVEN']",0,0,0,0,1,0,1,0,0,0,0,0,0,0,0,0,0,0,0,0,0,0,0,0,0,0,0,0,0,0,0,0,0,0,0,0,0,0,0,0,0,0,0,0,0,0,0,0,0,0,0,0,0,0,0,0,0,0,0,0,0,0,0,3,0,0,0,0,0,0,0,0,0,0,0,0,0,0,0,0,0,0,0,0,0,0,0,0,0,0,0,0,0,0,0,0,0,0
R-P15-5-44,2021-06-23,22:40:00,51.53236,-115.174544,['NONE'],0,0,0,0,0,0,0,0,0,0,0,0,0,0,0,0,0,0,0,0,0,0,0,0,0,0,0,0,0,0,0,0,0,0,0,0,0,0,0,0,0,0,0,0,0,0,0,0,0,0,0,0,0,0,0,0,0,0,0,1,0,0,0,0,0,0,0,0,0,0,0,0,0,0,0,0,0,0,0,0,0,0,0,0,0,0,0,0,0,0,0,0,0,0,0,0,0,0
R-P5-10-54,2021-06-04,22:00:00,53.74374,-118.40114,"['YRWA', 'WTDE']",0,0,0,0,0,0,0,0,0,0,0,0,0,0,0,0,0,0,0,0,0,0,0,0,0,0,0,0,0,0,0,0,0,0,0,0,0,0,0,0,0,0,0,0,0,0,0,0,0,0,0,0,0,0,0,0,0,0,0,0,0,0,0,0,0,0,0,0,0,0,0,0,0,0,0,0,0,0,0,0,0,0,0,0,0,0,0,0,0,0,0,1,0,0,0,0,0,1
R-P5-20-32,2021-06-02,05:40:00,55.13469,-111.684067,"['TEWA', 'CHSP', 'UNPA', 'OVEN', 'CHSP', 'REVI', 'LCSP', 'SWSP', 'KILL', 'SORA', 'SORA', 'YERA', 'AMBI', 'CANG', 'YEWA', 'AMKE']",0,0,0,0,0,0,0,0,0,0,0,0,0,0,0,0,0,0,0,0,0,2,0,0,0,0,0,0,0,0,0,0,0,0,0,0,0,0,0,0,1,0,0,0,0,0,0,0,0,0,0,0,0,0,0,0,0,0,0,0,0,0,0,1,0,0,0,0,0,0,0,1,0,0,0,0,1,0,1,0,0,0,0,0,0,0,0,0,0,0,0,0,0,0,0,1,0,0
R-P5-20-6,2021-05-30,22:00:00,55.02762,-111.67627,"['SWTH', 'SWTH', 'HETH', 'CONI', 'SWTH', 'BCFR', 'SWTH']",0,0,0,0,0,0,0,0,1,0,0,0,0,0,0,0,0,0,0,0,0,0,0,0,0,0,0,0,0,0,0,0,0,0,0,0,0,1,0,0,0,0,0,0,0,0,0,0,0,0,0,0,0,0,0,0,0,0,0,0,0,0,0,0,0,0,0,0,0,0,0,0,0,0,0,0,0,4,0,0,0,0,0,0,0,0,0,0,0,0,0,0,0,0,0,0,0,0
R-P5-21-16,2021-07-02,22:40:00,55.70561,-119.676401,"['WTSP', 'WTSP', 'WTSP', 'WTSP', 'WTSP', 'WTSP', 'UNBI', 'WTSP', 'WTSP']",0,0,0,0,0,0,0,0,0,0,0,0,0,0,0,0,0,0,0,0,0,0,0,0,0,0,0,0,0,0,0,0,0,0,0,0,0,0,0,0,0,0,0,0,0,0,0,0,0,0,0,0,0,0,0,0,0,0,0,0,0,0,0,0,0,0,0,0,0,0,0,0,0,0,0,0,0,0,0,0,0,0,0,0,0,0,0,0,0,0,0,0,8,0,0,0,0,0
R-P5-23-11,2021-06-08,05:20:00,56.04555,-115.350118,"['TEWA', 'AMRO', 'ALFL', 'DEJU', 'RWBL', 'YEWA', 'UNPA', 'PAWA', 'RWBL', 'OSFL', 'AMRO', 'ALFL', 'BAWW', 'WTSP', 'UNPA', 'CHSP', 'COYE', 'WTSP', 'UNPA', 'SORA']",2,0,0,0,2,1,0,0,0,0,0,0,0,0,0,0,0,0,0,0,0,1,0,0,0,0,0,1,0,1,0,0,0,0,0,0,0,0,0,0,0,0,0,0,0,0,0,0,0,0,0,0,0,0,0,0,0,0,0,0,0,0,1,0,1,0,0,0,0,0,0,0,2,0,0,0,0,0,1,0,0,0,0,0,0,0,0,0,0,0,0,0,2,0,0,1,0,0
R-P5-23-67,2021-06-12,05:20:00,56.04168,-115.296703,"['REVI', 'AMRO', 'YRWA', 'ALFL', 'LINO', 'REVI', 'TEWA', 'TEWA', 'WTSP', 'AMCR', 'OVEN', 'UNWA', 'BAWW', 'WTSP', 'RUGR', 'MOTF']",1,0,0,0,1,1,0,0,0,0,0,0,0,0,0,0,0,0,0,0,0,0,0,0,0,0,0,0,0,0,0,0,0,0,0,0,0,0,0,0,0,0,0,1,0,0,0,0,0,0,0,0,0,1,0,0,0,0,0,0,0,0,0,1,0,0,0,0,0,0,0,2,0,0,0,0,0,0,2,0,0,0,0,0,0,0,0,0,0,0,0,0,2,0,0,0,0,1
R-P5-29-49,2021-05-31,22:00:00,56.86734,-114.66889,"['RUGR', 'TEWA', 'TEWA', 'OVEN', 'SWTH', 'TEWA', 'RUGR']",0,0,0,0,0,0,0,0,0,0,0,0,0,0,0,0,0,0,0,0,0,0,0,0,0,0,0,0,0,0,0,0,0,0,0,0,0,0,0,0,0,0,0,0,0,0,0,0,0,0,0,0,0,0,0,0,0,0,0,0,0,0,0,1,0,0,0,0,0,0,0,0,0,0,0,0,0,1,3,0,0,0,0,0,0,0,0,0,0,0,0,0,0,0,0,0,0,0
R-P5-31-18,2021-05-27,22:40:00,57.85886,-115.539672,"['SWTH', 'SWTH', 'SWTH', 'OVEN', 'OVEN', 'UNPA', 'SWTH', 'TEWA']",0,0,0,0,0,0,0,0,0,0,0,0,0,0,0,0,0,0,0,0,0,0,0,0,0,0,0,0,0,0,0,0,0,0,0,0,0,0,0,0,0,0,0,0,0,0,0,0,0,0,0,0,0,0,0,0,0,0,0,0,0,0,0,2,0,0,0,0,0,0,0,0,0,0,0,0,0,4,1,0,0,0,0,0,0,0,0,0,0,0,0,0,0,0,0,0,0,0
R-P5-32-4,2021-06-06,05:00:00,59.22269,-118.633512,"['TEWA', 'OVEN', 'NOWA', 'CONW', 'SWTH', 'SWTH', 'YBSA', 'WTSP', 'SWTH', 'SWTH', 'RUGR', 'CHSP', 'BAWW', 'SWTH', 'UNBI', 'TEWA', 'TEWA', 'TEWA', 'CHSP', 'LEFL']",0,0,0,0,0,1,0,0,0,0,0,0,0,0,0,0,0,0,0,0,0,2,0,0,1,0,0,0,0,0,0,0,0,0,0,0,0,0,0,0,0,1,0,0,0,0,0,0,0,0,0,0,0,0,0,0,0,0,0,0,1,0,0,1,0,0,0,0,0,0,0,0,0,0,0,0,0,5,4,0,0,0,0,0,0,0,0,0,0,0,0,0,1,0,0,0,0,0
R-P5-5-22,2021-06-24,22:20:00,51.50768,-115.166311,"['SWTH', 'SWTH', 'GRSP', 'SWTH', 'SWTH', 'SWTH', 'CHSP', 'AMRO', 'AMRO', 'WTSP']",0,0,0,0,2,0,0,0,0,0,0,0,0,0,0,0,0,0,0,0,0,1,0,0,0,0,0,0,0,0,0,0,0,0,0,1,0,0,0,0,0,0,0,0,0,0,0,0,0,0,0,0,0,0,0,0,0,0,0,0,0,0,0,0,0,0,0,0,0,0,0,0,0,0,0,0,0,5,0,0,0,0,0,0,0,0,0,0,0,0,0,0,1,0,0,0,0,0
R-P5-7-11,2021-06-06,05:20:00,52.75639,-115.036318,"['SWTH', 'TEWA', 'AMRO', 'TEWA', 'WTSP', 'TEWA', 'CAWA', 'WTSP', 'BRCR']",0,0,0,0,1,0,0,0,0,0,0,0,0,0,1,0,0,0,1,0,0,0,0,0,0,0,0,0,0,0,0,0,0,0,0,0,0,0,0,0,0,0,0,0,0,0,0,0,0,0,0,0,0,0,0,0,0,0,0,0,0,0,0,0,0,0,0,0,0,0,0,0,0,0,0,0,0,1,3,0,0,0,0,0,0,0,0,0,0,0,0,0,2,0,0,0,0,0
R-P75-16-62,2021-06-14,05:40:00,54.73938,-110.508593,"['CORA', 'BLJA', 'REVI', 'WIWA', 'OVEN', 'PISI', 'PISI', 'CORA', 'UNPA']",0,0,0,0,0,0,0,0,0,0,0,1,0,0,0,0,0,0,0,0,0,0,0,0,0,2,0,0,0,0,0,0,0,0,0,0,0,0,0,0,0,0,0,0,0,0,0,0,0,0,0,0,0,0,0,0,0,0,0,0,0,0,0,1,0,0,2,0,0,0,0,1,0,0,0,0,0,0,0,0,0,0,0,0,0,0,0,0,1,0,0,0,0,0,0,0,0,0
S-E0-10-22,2021-06-03,05:20:00,53.70138,-118.18731,"['SWTH', 'BCCH', 'DEJU', 'GCKI', 'DEJU', 'CHSP', 'GCKI']",0,0,0,0,0,0,0,1,0,0,0,0,0,0,0,0,0,0,0,0,0,1,0,0,0,0,0,0,0,2,0,0,0,0,2,0,0,0,0,0,0,0,0,0,0,0,0,0,0,0,0,0,0,0,0,0,0,0,0,0,0,0,0,0,0,0,0,0,0,0,0,0,0,0,0,0,0,1,0,0,0,0,0,0,0,0,0,0,0,0,0,0,0,0,0,0,0,0
S-E0-16-19,2021-06-14,22:40:00,54.63123,-110.725817,"['YERA', 'AMBI', 'WISN', 'BCFR', 'UNDU', 'YERA', 'UNBI']",0,0,0,0,0,0,0,0,1,0,0,0,0,0,0,0,0,0,0,0,0,0,0,0,0,0,0,0,0,0,0,0,0,0,0,0,0,0,0,0,0,0,0,0,0,0,0,0,0,0,0,0,0,0,0,0,0,0,0,0,0,0,0,0,0,0,0,0,0,0,0,0,0,0,0,0,0,0,0,0,0,0,0,0,0,0,0,0,0,0,0,0,0,0,0,0,0,0
S-E0-16-64,2021-06-15,05:00:00,54.62944,-110.736755,"['CCSP', 'UNAM', 'COYE', 'SWSP', 'RWBL', 'UNKN', 'UNKN', 'ALFL']",1,0,0,0,0,0,0,0,0,0,0,0,0,0,0,0,0,0,0,1,0,0,0,0,0,0,0,1,0,0,0,0,0,0,0,0,0,0,0,0,0,0,0,0,0,0,0,0,0,0,0,0,0,0,0,0,0,0,0,0,0,0,0,0,0,0,0,0,0,0,0,0,1,0,0,0,1,0,0,0,0,0,0,0,0,0,0,0,0,0,0,0,0,0,0,0,0,0
S-E0-23-70,2021-06-11,22:00:00,56.06704,-115.264874,"['CONI', 'UNPA', 'WTSP', 'CONI', 'YEWA', 'SWTH']",0,0,0,0,0,0,0,0,0,0,0,0,0,0,0,0,0,0,0,0,0,0,0,0,0,0,0,0,0,0,0,0,0,0,0,0,0,0,0,0,0,0,0,0,0,0,0,0,0,0,0,0,0,0,0,0,0,0,0,0,0,0,0,0,0,0,0,0,0,0,0,0,0,0,0,0,0,1,0,0,0,0,0,0,0,0,0,0,0,0,0,0,1,0,0,1,0,0
S-E0-31-8,2021-05-31,05:40:00,57.84522,-115.566872,"['TEWA', 'OVEN', 'OVEN', 'SWTH', 'SWTH', 'TEWA', 'OVEN', 'SWTH', 'SWTH', 'REVI', 'WTSP', 'SWTH', 'WTSP', 'RUGR']",0,0,0,0,0,0,0,0,0,0,0,0,0,0,0,0,0,0,0,0,0,0,0,0,0,0,0,0,0,0,0,0,0,0,0,0,0,0,0,0,0,0,0,0,0,0,0,0,0,0,0,0,0,0,0,0,0,0,0,0,0,0,0,3,0,0,0,0,0,0,0,1,0,0,0,0,0,5,2,0,0,0,0,0,0,0,0,0,0,0,0,0,2,0,0,0,0,0
S-E0-33-1,2021-06-30,05:20:00,58.57674,-114.591658,"['REVI', 'OVEN', 'WTSP']",0,0,0,0,0,0,0,0,0,0,0,0,0,0,0,0,0,0,0,0,0,0,0,0,0,0,0,0,0,0,0,0,0,0,0,0,0,0,0,0,0,0,0,0,0,0,0,0,0,0,0,0,0,0,0,0,0,0,0,0,0,0,0,1,0,0,0,0,0,0,0,1,0,0,0,0,0,0,0,0,0,0,0,0,0,0,0,0,0,0,0,0,1,0,0,0,0,0
S-E0-7-21,2021-06-06,22:40:00,,,"['SWTH', 'SWTH', 'SWTH']",0,0,0,0,0,0,0,0,0,0,0,0,0,0,0,0,0,0,0,0,0,0,0,0,0,0,0,0,0,0,0,0,0,0,0,0,0,0,0,0,0,0,0,0,0,0,0,0,0,0,0,0,0,0,0,0,0,0,0,0,0,0,0,0,0,0,0,0,0,0,0,0,0,0,0,0,0,3,0,0,0,0,0,0,0,0,0,0,0,0,0,0,0,0,0,0,0,0
S-P10-19-68,2021-06-05,22:40:00,55.25523,-113.474696,"['WTSP', 'WTSP', 'SWTH', 'WTSP', 'WTSP', 'SWTH']",0,0,0,0,0,0,0,0,0,0,0,0,0,0,0,0,0,0,0,0,0,0,0,0,0,0,0,0,0,0,0,0,0,0,0,0,0,0,0,0,0,0,0,0,0,0,0,0,0,0,0,0,0,0,0,0,0,0,0,0,0,0,0,0,0,0,0,0,0,0,0,0,0,0,0,0,0,2,0,0,0,0,0,0,0,0,0,0,0,0,0,0,4,0,0,0,0,0
S-P10-2-45,2021-06-11,05:40:00,49.44153,-114.33338,"['SWTH', 'WAVI', 'AMRE', 'YRWA', 'CHSP', 'PISI', 'CORA']",0,0,0,1,0,0,0,0,0,0,0,0,0,0,0,0,0,0,0,0,0,1,0,0,0,1,0,0,0,0,0,0,0,0,0,0,0,0,0,0,0,0,0,0,0,0,0,0,0,0,0,0,0,0,0,0,0,0,0,0,0,0,0,0,0,0,1,0,0,0,0,0,0,0,0,0,0,1,0,0,0,0,0,1,0,0,0,0,0,0,0,0,0,0,0,0,0,1
S-P10-21-40,2021-06-30,05:20:00,55.79966,-119.833762,"['LEFL', 'WTSP', 'WTSP', 'WTSP', 'WTSP', 'WTSP', 'UNPA', 'SWTH', 'LEFL', 'UNPA', 'UNPA']",0,0,0,0,0,0,0,0,0,0,0,0,0,0,0,0,0,0,0,0,0,0,0,0,0,0,0,0,0,0,0,0,0,0,0,0,0,0,0,0,0,2,0,0,0,0,0,0,0,0,0,0,0,0,0,0,0,0,0,0,0,0,0,0,0,0,0,0,0,0,0,0,0,0,0,0,0,1,0,0,0,0,0,0,0,0,0,0,0,0,0,0,5,0,0,0,0,0
S-P10-23-16,2021-06-08,05:40:00,56.04522,-115.355972,"['SWTH', 'TEWA', 'ALFL', 'COYE', 'CCSP', 'RWBL', 'LISP', 'UNKN', 'WTSP', 'BLPW', 'LISP', 'LCSP', 'RWBL', 'CCSP', 'SAVS', 'WISN', 'AMRO', 'BCCH']",1,0,0,0,1,0,0,1,0,0,0,0,1,0,0,0,0,0,0,2,0,0,0,0,0,0,0,1,0,0,0,0,0,0,0,0,0,0,0,0,1,0,0,0,0,2,0,0,0,0,0,0,0,0,0,0,0,0,0,0,0,0,0,0,0,0,0,0,0,0,0,0,2,1,0,0,0,1,1,0,0,0,0,0,0,0,0,0,0,0,0,0,1,0,0,0,0,0
S-P10-3-45,2021-06-19,05:00:00,50.03869,-114.55383,"['WAVI', 'CHSP', 'YRWA', 'CHSP', 'SWSP']",0,0,0,0,0,0,0,0,0,0,0,0,0,0,0,0,0,0,0,0,0,2,0,0,0,0,0,0,0,0,0,0,0,0,0,0,0,0,0,0,0,0,0,0,0,0,0,0,0,0,0,0,0,0,0,0,0,0,0,0,0,0,0,0,0,0,0,0,0,0,0,0,0,0,0,0,1,0,0,0,0,0,0,1,0,0,0,0,0,0,0,0,0,0,0,0,0,1
S-P10-31-38,2021-05-27,22:40:00,57.86643,-115.520389,"['SWTH', 'SWTH', 'SWTH', 'SWTH', 'SWTH']",0,0,0,0,0,0,0,0,0,0,0,0,0,0,0,0,0,0,0,0,0,0,0,0,0,0,0,0,0,0,0,0,0,0,0,0,0,0,0,0,0,0,0,0,0,0,0,0,0,0,0,0,0,0,0,0,0,0,0,0,0,0,0,0,0,0,0,0,0,0,0,0,0,0,0,0,0,5,0,0,0,0,0,0,0,0,0,0,0,0,0,0,0,0,0,0,0,0
S-P10-33-3,2021-06-30,22:00:00,58.57705,-114.593349,['SWTH'],0,0,0,0,0,0,0,0,0,0,0,0,0,0,0,0,0,0,0,0,0,0,0,0,0,0,0,0,0,0,0,0,0,0,0,0,0,0,0,0,0,0,0,0,0,0,0,0,0,0,0,0,0,0,0,0,0,0,0,0,0,0,0,0,0,0,0,0,0,0,0,0,0,0,0,0,0,1,0,0,0,0,0,0,0,0,0,0,0,0,0,0,0,0,0,0,0,0
S-P10-7-19,2021-06-09,05:40:00,52.78958,-115.099896,"['SWTH', 'YRWA', 'SWTH', 'PISI', 'DEJU', 'YRWA']",0,0,0,0,0,0,0,0,0,0,0,0,0,0,0,0,0,0,0,0,0,0,0,0,0,0,0,0,0,1,0,0,0,0,0,0,0,0,0,0,0,0,0,0,0,0,0,0,0,0,0,0,0,0,0,0,0,0,0,0,0,0,0,0,0,0,1,0,0,0,0,0,0,0,0,0,0,2,0,0,0,0,0,0,0,0,0,0,0,0,0,0,0,0,0,0,0,2
S-P15-10-60,2021-06-08,22:20:00,53.74666,-118.33839,"['UNBI', 'UNBI', 'WISN']",0,0,0,0,0,0,0,0,0,0,0,0,0,0,0,0,0,0,0,0,0,0,0,0,0,0,0,0,0,0,0,0,0,0,0,0,0,0,0,0,0,0,0,0,0,0,0,0,0,0,0,0,0,0,0,0,0,0,0,0,0,0,0,0,0,0,0,0,0,0,0,0,0,0,0,0,0,0,0,0,0,0,0,0,0,0,0,0,0,0,0,0,0,0,0,0,0,0
S-P15-16-67,2021-06-17,05:20:00,54.62802,-110.736664,"['SORA', 'VIRA', 'SORA', 'RWBL', 'UNSH', 'LCSP', 'ALFL', 'WEME', 'RWBL', 'RWBL', 'WEME', 'COYE', 'SWSP', 'SORA', 'UNKN', 'COME', 'YHBL', 'AMCO', 'BLTE', 'RWBL', 'SWSP', 'YHBL', 'NESP', 'AMCO', 'RWBL', 'YHBL', 'YHBL', 'RWBL', 'YHBL', 'CHSP', 'LCSP', 'RWBL', 'SORA', 'SORA', 'LCSP', 'LCSP', 'RWBL', 'CCSP', 'YHBL', 'YHBL', 'RWBL', 'PBGR', 'UNTR', 'AMBI', 'RNGR', 'AMCO']",1,0,0,0,0,0,0,0,0,0,0,0,0,0,0,0,0,0,0,1,0,1,0,0,0,0,0,1,0,0,0,0,0,0,0,0,0,0,0,0,4,0,0,0,0,0,0,0,0,0,0,0,0,0,0,0,0,1,0,0,0,0,0,0,0,0,0,0,0,0,0,0,9,0,0,0,2,0,0,0,0,0,0,0,0,2,0,0,0,0,0,0,0,0,0,0,7,0
S-P15-19-70,2021-06-10,22:40:00,55.25564,-113.474733,"['SWTH', 'SWTH']",0,0,0,0,0,0,0,0,0,0,0,0,0,0,0,0,0,0,0,0,0,0,0,0,0,0,0,0,0,0,0,0,0,0,0,0,0,0,0,0,0,0,0,0,0,0,0,0,0,0,0,0,0,0,0,0,0,0,0,0,0,0,0,0,0,0,0,0,0,0,0,0,0,0,0,0,0,2,0,0,0,0,0,0,0,0,0,0,0,0,0,0,0,0,0,0,0,0
S-P15-2-44,2021-06-10,22:00:00,49.44111,-114.333335,"['YRWA', 'SWTH', 'SWTH', 'SWTH', 'WTSP']",0,0,0,0,0,0,0,0,0,0,0,0,0,0,0,0,0,0,0,0,0,0,0,0,0,0,0,0,0,0,0,0,0,0,0,0,0,0,0,0,0,0,0,0,0,0,0,0,0,0,0,0,0,0,0,0,0,0,0,0,0,0,0,0,0,0,0,0,0,0,0,0,0,0,0,0,0,3,0,0,0,0,0,0,0,0,0,0,0,0,0,0,1,0,0,0,0,1
S-P15-21-39,2021-06-29,05:40:00,55.7992,-119.833928,"['REVI', 'LEFL', 'YEWA', 'LITF', 'SWTH', 'WTSP', 'WTSP', 'SWTH', 'WTSP', 'YEWA', 'YBSA', 'LEFL', 'WTSP', 'WTSP', 'REVI', 'WTSP', 'YEWA', 'WTSP', 'BHCO', 'YEWA', 'LEFL', 'UNWA', 'YEWA', 'MOTF']",0,0,0,0,0,0,0,0,0,1,0,0,0,0,0,0,0,0,0,0,0,0,0,0,0,0,0,0,0,0,0,0,0,0,0,0,0,0,0,0,0,3,0,0,0,0,1,0,0,0,0,0,0,1,0,0,0,0,0,0,0,0,0,0,0,0,0,0,0,0,0,2,0,0,0,0,0,2,0,0,0,0,0,0,0,0,0,0,0,0,0,0,7,0,0,5,0,0
S-P15-23-17,2021-06-06,22:00:00,56.04522,-115.355226,"['WISN', 'CCSP', 'CONW', 'RWBL', 'SWTH', 'RWBL', 'UNBI', 'DEJU', 'LEYE', 'TEWA', 'KILL', 'AMRO', 'CHSP']",0,0,0,0,1,0,0,0,0,0,0,0,0,0,0,0,0,0,0,1,0,1,0,0,1,0,0,0,0,1,0,0,0,0,0,0,0,0,0,0,0,0,0,0,0,0,0,0,0,0,0,0,0,0,0,0,0,0,0,0,0,0,0,0,0,0,0,0,0,0,0,0,2,0,0,0,0,1,1,0,0,0,0,0,0,0,0,0,0,0,0,0,0,0,0,0,0,0
S-P15-23-47,2021-06-06,22:40:00,56.05058,-115.247397,"['AMRO', 'SWTH', 'SWTH', 'WTSP', 'RUGR', 'UNBI', 'SWTH', 'LEFL', 'LEFL', 'GCKI', 'DOGG', 'WTSP', 'WTSP']",0,0,0,0,1,0,0,0,0,0,0,0,0,0,0,0,0,0,0,0,0,0,0,0,0,0,0,0,0,0,1,0,0,0,1,0,0,0,0,0,0,2,0,0,0,0,0,0,0,0,0,0,0,0,0,0,0,0,0,0,0,0,0,0,0,0,0,0,0,0,0,0,0,0,0,0,0,3,0,0,0,0,0,0,0,0,0,0,0,0,0,0,3,0,0,0,0,0
S-P15-23-73,2021-06-08,05:20:00,56.06589,-115.264874,"['RBGR', 'OVEN', 'TEWA', 'WTSP', 'REVI', 'RBGR', 'WTSP', 'RBGR', 'CCSP', 'CCSP', 'SWTH', 'WTSP', 'BAWW', 'CCSP', 'ALFL', 'YBSA', 'TEWA', 'UNTR', 'ALFL', 'UNPA', 'AMRE', 'SORA', 'YEWA', 'AMRE', 'CONI', 'CONI', 'CCSP', 'WTSP', 'WTSP', 'AMRO', 'WTSP', 'WTSP', 'WTSP', 'CCSP', 'SWTH', 'BBWA', 'CONI']",2,0,0,2,1,1,1,0,0,0,0,0,0,0,0,0,0,0,0,5,0,0,0,0,0,0,0,0,0,0,0,0,0,0,0,0,0,0,0,0,0,0,0,0,0,0,0,0,0,0,0,0,0,0,0,0,0,0,0,0,0,0,0,1,0,0,0,3,0,0,0,1,0,0,0,0,0,2,2,0,0,0,0,0,0,0,0,0,0,0,0,0,8,0,0,1,0,0
S-P15-3-35,2021-06-20,22:00:00,50.00023,-114.502206,"['SWTH', 'SWTH', 'SWTH', 'SWTH', 'UNPA', 'HETH', 'AMRO', 'HETH']",0,0,0,0,1,0,0,0,0,0,0,0,0,0,0,0,0,0,0,0,0,0,0,0,0,0,0,0,0,0,0,0,0,0,0,0,0,2,0,0,0,0,0,0,0,0,0,0,0,0,0,0,0,0,0,0,0,0,0,0,0,0,0,0,0,0,0,0,0,0,0,0,0,0,0,0,0,4,0,0,0,0,0,0,0,0,0,0,0,0,0,0,0,0,0,0,0,0
S-P15-30-60,2021-06-21,05:20:00,58.41003,-119.500897,"['SWTH', 'GCKI', 'WTSP', 'WTSP', 'RESQ', 'UNBI']",0,0,0,0,0,0,0,0,0,0,0,0,0,0,0,0,0,0,0,0,0,0,0,0,0,0,0,0,0,0,0,0,0,0,1,0,0,0,0,0,0,0,0,0,0,0,0,0,0,0,0,0,0,0,0,0,0,0,0,0,0,0,0,0,0,0,0,0,0,0,1,0,0,0,0,0,0,1,0,0,0,0,0,0,0,0,0,0,0,0,0,0,2,0,0,0,0,0
S-P15-31-5,2021-05-28,22:40:00,57.84487,-115.569159,"['OVEN', 'UNPA', 'TEWA', 'OVEN', 'SWTH', 'RUGR', 'SWTH', 'OVEN', 'UNBI']",0,0,0,0,0,0,0,0,0,0,0,0,0,0,0,0,0,0,0,0,0,0,0,0,0,0,0,0,0,0,0,0,0,0,0,0,0,0,0,0,0,0,0,0,0,0,0,0,0,0,0,0,0,0,0,0,0,0,0,0,0,0,0,3,0,0,0,0,0,0,0,0,0,0,0,0,0,2,1,0,0,0,0,0,0,0,0,0,0,0,0,0,0,0,0,0,0,0
S-P15-32-44,2021-06-07,22:20:00,59.25015,-118.652977,"['SWTH', 'OVEN', 'OVEN', 'SWTH', 'SWTH', 'RUGR', 'TEWA']",0,0,0,0,0,0,0,0,0,0,0,0,0,0,0,0,0,0,0,0,0,0,0,0,0,0,0,0,0,0,0,0,0,0,0,0,0,0,0,0,0,0,0,0,0,0,0,0,0,0,0,0,0,0,0,0,0,0,0,0,0,0,0,2,0,0,0,0,0,0,0,0,0,0,0,0,0,3,1,0,0,0,0,0,0,0,0,0,0,0,0,0,0,0,0,0,0,0
S-P15-33-4,2021-07-01,22:00:00,58.57687,-114.594036,['NONE'],0,0,0,0,0,0,0,0,0,0,0,0,0,0,0,0,0,0,0,0,0,0,0,0,0,0,0,0,0,0,0,0,0,0,0,0,0,0,0,0,0,0,0,0,0,0,0,0,0,0,0,0,0,0,0,0,0,0,0,1,0,0,0,0,0,0,0,0,0,0,0,0,0,0,0,0,0,0,0,0,0,0,0,0,0,0,0,0,0,0,0,0,0,0,0,0,0,0
S-P15-7-18,2021-06-08,22:00:00,,,"['HETH', 'SWTH', 'OCWA', 'CONW']",0,0,0,0,0,0,0,0,0,0,0,0,0,0,0,0,0,0,0,0,0,0,0,0,1,0,0,0,0,0,0,0,0,0,0,0,0,1,0,0,0,0,0,0,0,0,0,0,0,0,0,0,0,0,0,0,0,0,0,0,0,1,0,0,0,0,0,0,0,0,0,0,0,0,0,0,0,1,0,0,0,0,0,0,0,0,0,0,0,0,0,0,0,0,0,0,0,0
S-P5-19-64,2021-06-14,05:00:00,55.25479,-113.47463,"['WIWR', 'REVI', 'TEWA', 'WTSP', 'TEWA', 'OVEN', 'WTSP', 'WTSP', 'YRWA']",0,0,0,0,0,0,0,0,0,0,0,0,0,0,0,0,0,0,0,0,0,0,0,0,0,0,0,0,0,0,0,0,0,0,0,0,0,0,0,0,0,0,0,0,0,0,0,0,0,0,0,0,0,0,0,0,0,0,0,0,0,0,0,1,0,0,0,0,0,0,0,1,0,0,0,0,0,0,2,0,0,0,0,0,0,0,0,0,0,0,0,0,3,0,0,0,0,1
S-P5-20-3,2021-06-01,22:20:00,55.02696,-111.687125,"['SWTH', 'SWTH', 'TEWA', 'SWTH', 'SWTH']",0,0,0,0,0,0,0,0,0,0,0,0,0,0,0,0,0,0,0,0,0,0,0,0,0,0,0,0,0,0,0,0,0,0,0,0,0,0,0,0,0,0,0,0,0,0,0,0,0,0,0,0,0,0,0,0,0,0,0,0,0,0,0,0,0,0,0,0,0,0,0,0,0,0,0,0,0,4,1,0,0,0,0,0,0,0,0,0,0,0,0,0,0,0,0,0,0,0
S-P5-21-41,2021-07-02,05:20:00,55.80014,-119.833759,"['WTSP', 'SWTH', 'WEME', 'SWTH', 'SWTH', 'SWTH', 'BCCH', 'COYE', 'LEFL', 'YEWA', 'YEWA']",0,0,0,0,0,0,0,1,0,0,0,0,0,0,0,0,0,0,0,0,0,0,0,0,0,0,0,1,0,0,0,0,0,0,0,0,0,0,0,0,0,1,0,0,0,0,0,0,0,0,0,0,0,0,0,0,0,0,0,0,0,0,0,0,0,0,0,0,0,0,0,0,0,0,0,0,0,4,0,0,0,0,0,0,0,1,0,0,0,0,0,0,1,0,0,2,0,0
S-P5-22-20,2021-06-24,05:20:00,56.26304,-116.825938,"['WTSP', 'WTSP', 'SWTH', 'SWSP', 'LISP', 'MAWA', 'UNTR', 'SWSP', 'DEJU', 'AMRO', 'UNPA', 'TEWA', 'UNVI', 'OCWA', 'RESQ', 'SWTH', 'UNTR', 'CHSP', 'RCKI']",0,0,0,0,1,0,0,0,0,0,0,0,0,0,0,0,0,0,0,0,0,1,0,0,0,0,0,0,0,1,0,0,0,0,0,0,0,0,0,0,0,0,0,0,0,1,0,0,1,0,0,0,0,0,0,0,0,0,0,0,0,1,0,0,0,0,0,0,0,1,1,0,0,0,0,0,2,2,1,0,0,0,0,0,0,0,0,0,0,0,0,0,2,0,0,0,0,0
S-P5-23-71,2021-06-11,05:40:00,56.06674,-115.265068,"['BAWW', 'REVI', 'TEWA', 'ALFL', 'CHSP', 'WTSP', 'WTSP', 'YEWA', 'SWTH', 'WTSP', 'UNMA', 'SWTH', 'WTSP']",1,0,0,0,0,1,0,0,0,0,0,0,0,0,0,0,0,0,0,0,0,1,0,0,0,0,0,0,0,0,0,0,0,0,0,0,0,0,0,0,0,0,0,0,0,0,0,0,0,0,0,0,0,0,0,0,0,0,0,0,0,0,0,0,0,0,0,0,0,0,0,1,0,0,0,0,0,2,1,0,0,0,0,0,0,0,0,0,0,0,0,0,4,0,0,1,0,0
S-P5-30-6,2021-06-25,05:00:00,58.30922,-119.634293,"['REVI', 'MOWI', 'OVEN']",0,0,0,0,0,0,0,0,0,0,0,0,0,0,0,0,0,0,0,0,0,0,0,0,0,0,0,0,0,0,0,0,0,0,0,0,0,0,0,0,0,0,0,0,0,0,0,0,0,0,0,0,0,0,0,1,0,0,0,0,0,0,0,1,0,0,0,0,0,0,0,1,0,0,0,0,0,0,0,0,0,0,0,0,0,0,0,0,0,0,0,0,0,0,0,0,0,0
S-P5-31-40,2021-06-01,05:20:00,57.8667,-115.520869,"['REVI', 'TEWA', 'OVEN', 'WIWR', 'RBGR', 'OVEN', 'YRWA', 'WIWR', 'TEWA', 'BBWA', 'SWTH']",0,0,0,0,0,0,1,0,0,0,0,0,0,0,0,0,0,0,0,0,0,0,0,0,0,0,0,0,0,0,0,0,0,0,0,0,0,0,0,0,0,0,0,0,0,0,0,0,0,0,0,0,0,0,0,0,0,0,0,0,0,0,0,2,0,0,0,1,0,0,0,1,0,0,0,0,0,1,2,0,0,0,0,0,0,0,0,0,0,0,0,0,0,0,0,0,0,1
S-P5-5-35,2021-06-24,22:19:00,51.51693,-115.15883,"['AMRO', 'GRSP', 'SWTH', 'AMRO', 'SWTH', 'COYE', 'GRSP', 'CHSP', 'AMRO', 'AMRO', 'HETH', 'SWTH', 'SWTH']",0,0,0,0,4,0,0,0,0,0,0,0,0,0,0,0,0,0,0,0,0,1,0,0,0,0,0,1,0,0,0,0,0,0,0,2,0,1,0,0,0,0,0,0,0,0,0,0,0,0,0,0,0,0,0,0,0,0,0,0,0,0,0,0,0,0,0,0,0,0,0,0,0,0,0,0,0,4,0,0,0,0,0,0,0,0,0,0,0,0,0,0,0,0,0,0,0,0
W-E0-10-30,2021-06-04,05:40:00,,,"['SWTH', 'SWTH', 'RESQ', 'YRWA', 'WETA', 'DEJU', 'YRWA', 'UNBI', 'UNPA', 'RESQ']",0,0,0,0,0,0,0,0,0,0,0,0,0,0,0,0,0,0,0,0,0,0,0,0,0,0,0,0,0,1,0,0,0,0,0,0,0,0,0,0,0,0,0,0,0,0,0,0,0,0,0,0,0,0,0,0,0,0,0,0,0,0,0,0,0,0,0,0,0,0,2,0,0,0,0,0,0,2,0,0,0,0,0,0,0,0,1,0,0,0,0,0,0,0,0,0,0,2
W-E0-23-75,2021-06-11,22:40:00,56.05255,-115.26026,"['LINO', 'CONI', 'WTSP', 'AMRO', 'YEWA', 'WTSP']",0,0,0,0,1,0,0,0,0,0,0,0,0,0,0,0,0,0,0,0,0,0,0,0,0,0,0,0,0,0,0,0,0,0,0,0,0,0,0,0,0,0,0,1,0,0,0,0,0,0,0,0,0,0,0,0,0,0,0,0,0,0,0,0,0,0,0,0,0,0,0,0,0,0,0,0,0,0,0,0,0,0,0,0,0,0,0,0,0,0,0,0,2,0,0,1,0,0
W-E0-29-18,2021-05-30,22:17:00,56.77412,-114.843963,"['BCFR', 'SWTH', 'SWTH', 'OVEN', 'TEWA', 'TEWA']",0,0,0,0,0,0,0,0,1,0,0,0,0,0,0,0,0,0,0,0,0,0,0,0,0,0,0,0,0,0,0,0,0,0,0,0,0,0,0,0,0,0,0,0,0,0,0,0,0,0,0,0,0,0,0,0,0,0,0,0,0,0,0,1,0,0,0,0,0,0,0,0,0,0,0,0,0,2,2,0,0,0,0,0,0,0,0,0,0,0,0,0,0,0,0,0,0,0
W-E0-31-21,2021-05-28,05:20:00,57.85942,-115.548571,"['YBSA', 'RBNU', 'AMRO', 'TEWA', 'SWTH', 'BAWW', 'SWTH', 'TEWA', 'TEWA', 'SWTH', 'TEWA', 'OVEN', 'WTSP', 'OVEN']",0,0,0,0,1,1,0,0,0,0,0,0,0,0,0,0,0,0,0,0,0,0,0,0,0,0,0,0,0,0,0,0,0,0,0,0,0,0,0,0,0,0,0,0,0,0,0,0,0,0,0,0,0,0,0,0,0,0,0,0,0,0,0,2,0,0,0,0,1,0,0,0,0,0,0,0,0,3,4,0,0,0,0,0,0,0,0,0,0,0,0,0,1,0,0,0,0,0
W-E0-32-57,2021-06-10,05:00:00,59.25558,-118.479682,"['TEWA', 'WAVI', 'SWTH', 'WAVI', 'TEWA', 'NOWA', 'SWTH', 'RCKI', 'WTSP', 'CAJA']",0,0,0,0,0,0,0,0,0,0,0,0,0,0,0,0,0,1,0,0,0,0,0,0,0,0,0,0,0,0,0,0,0,0,0,0,0,0,0,0,0,0,0,0,0,0,0,0,0,0,0,0,0,0,0,0,0,0,0,0,1,0,0,0,0,0,0,0,0,1,0,0,0,0,0,0,0,2,2,0,0,0,0,2,0,0,0,0,0,0,0,0,1,0,0,0,0,0
W-E0-5-13,2021-06-25,22:20:00,51.48606,-115.186189,"['WCSP', 'SWTH', 'SWTH', 'UNWX', 'SWTH', 'UNWX']",0,0,0,0,0,0,0,0,0,0,0,0,0,0,0,0,0,0,0,0,0,0,0,0,0,0,0,0,0,0,0,0,0,0,0,0,0,0,0,0,0,0,0,0,0,0,0,0,0,0,0,0,0,0,0,0,0,0,0,0,0,0,0,0,0,0,0,0,0,0,0,0,0,0,0,0,0,3,0,0,0,0,0,0,1,0,0,0,0,0,0,0,0,0,0,0,0,0
W-E0-6-2,2021-06-16,05:40:00,52.13592,-115.38537,"['AMRO', 'SWTH', 'UNKN', 'UNBI']",0,0,0,0,1,0,0,0,0,0,0,0,0,0,0,0,0,0,0,0,0,0,0,0,0,0,0,0,0,0,0,0,0,0,0,0,0,0,0,0,0,0,0,0,0,0,0,0,0,0,0,0,0,0,0,0,0,0,0,0,0,0,0,0,0,0,0,0,0,0,0,0,0,0,0,0,0,1,0,0,0,0,0,0,0,0,0,0,0,0,0,0,0,0,0,0,0,0
W-P0-20-28,2021-06-06,22:20:00,,,"['HETH', 'HETH', 'CONI', 'SWTH', 'HETH', 'SWTH', 'HETH']",0,0,0,0,0,0,0,0,0,0,0,0,0,0,0,0,0,0,0,0,0,0,0,0,0,0,0,0,0,0,0,0,0,0,0,0,0,4,0,0,0,0,0,0,0,0,0,0,0,0,0,0,0,0,0,0,0,0,0,0,0,0,0,0,0,0,0,0,0,0,0,0,0,0,0,0,0,2,0,0,0,0,0,0,0,0,0,0,0,0,0,0,0,0,0,0,0,0
W-P10-19-38,2021-06-30,22:40:00,55.21609,-113.43748,"['LIWI', 'SWTH', 'WTSP', 'SWTH']",0,0,0,0,0,0,0,0,0,0,0,0,0,0,0,0,0,0,0,0,0,0,0,0,0,0,0,0,0,0,0,0,0,0,0,0,0,0,0,0,0,0,0,0,0,0,0,1,0,0,0,0,0,0,0,0,0,0,0,0,0,0,0,0,0,0,0,0,0,0,0,0,0,0,0,0,0,2,0,0,0,0,0,0,0,0,0,0,0,0,0,0,1,0,0,0,0,0
W-P10-2-56,2021-06-09,22:20:00,49.44255,-114.331976,"['AMRO', 'UNPA', 'AMGO']",0,1,0,0,1,0,0,0,0,0,0,0,0,0,0,0,0,0,0,0,0,0,0,0,0,0,0,0,0,0,0,0,0,0,0,0,0,0,0,0,0,0,0,0,0,0,0,0,0,0,0,0,0,0,0,0,0,0,0,0,0,0,0,0,0,0,0,0,0,0,0,0,0,0,0,0,0,0,0,0,0,0,0,0,0,0,0,0,0,0,0,0,0,0,0,0,0,0
W-P10-20-48,2021-06-02,05:40:00,55.14839,-111.686332,"['LCSP', 'LCSP', 'AMCO', 'YHBL', 'LCSP', 'COYE', 'LCSP', 'SEWR', 'COSN', 'SEWR', 'SWSP', 'CHSP', 'WTSP', 'RBGR', 'WTSP', 'YHBL', 'SORA', 'SORA', 'SOSP', 'CANG', 'CCSP', 'SORA', 'SEWR', 'SORA', 'WTSP']",0,0,0,0,0,0,0,0,0,0,0,0,0,0,0,0,0,0,0,1,0,1,0,0,0,0,0,1,0,0,0,0,0,0,0,0,0,0,0,0,4,0,0,0,0,0,0,0,0,0,0,0,0,0,0,0,0,0,0,0,0,0,0,0,0,0,0,1,0,0,0,0,0,0,3,1,1,0,0,0,0,0,0,0,0,0,0,0,0,0,0,0,3,0,0,0,2,0
W-P10-20-59,2021-06-04,05:00:00,55.16057,-111.663353,"['HETH', 'HETH', 'CHSP', 'OVEN', 'HETH', 'HETH', 'TEWA', 'DEJU', 'CAJA', 'CMWA', 'UNKN', 'WEME', 'RBNU', 'PISI', 'CORA', 'CHSP']",0,0,0,0,0,0,0,0,0,0,0,0,0,0,0,0,0,1,0,0,0,2,0,1,0,1,0,0,0,1,0,0,0,0,0,0,0,4,0,0,0,0,0,0,0,0,0,0,0,0,0,0,0,0,0,0,0,0,0,0,0,0,0,1,0,0,1,0,1,0,0,0,0,0,0,0,0,0,1,0,0,0,0,0,0,1,0,0,0,0,0,0,0,0,0,0,0,0
W-P10-23-77,2021-06-10,22:40:00,56.05174,-115.261,"['WTSP', 'CONI']",0,0,0,0,0,0,0,0,0,0,0,0,0,0,0,0,0,0,0,0,0,0,0,0,0,0,0,0,0,0,0,0,0,0,0,0,0,0,0,0,0,0,0,0,0,0,0,0,0,0,0,0,0,0,0,0,0,0,0,0,0,0,0,0,0,0,0,0,0,0,0,0,0,0,0,0,0,0,0,0,0,0,0,0,0,0,0,0,0,0,0,0,1,0,0,0,0,0
W-P10-27-32,2021-06-18,05:20:00,56.63391,-119.896938,"['SWTH', 'SWTH', 'UNPA', 'OVEN', 'YBSA', 'SWTH', 'PISI', 'DEJU', 'WTSP']",0,0,0,0,0,0,0,0,0,0,0,0,0,0,0,0,0,0,0,0,0,0,0,0,0,0,0,0,0,1,0,0,0,0,0,0,0,0,0,0,0,0,0,0,0,0,0,0,0,0,0,0,0,0,0,0,0,0,0,0,0,0,0,1,0,0,1,0,0,0,0,0,0,0,0,0,0,3,0,0,0,0,0,0,0,0,0,0,0,0,0,0,1,0,0,0,0,0
W-P10-32-29,2021-06-08,22:20:00,59.25264,-118.599692,"['CONI', 'SWTH', 'SWTH', 'RUGR']",0,0,0,0,0,0,0,0,0,0,0,0,0,0,0,0,0,0,0,0,0,0,0,0,0,0,0,0,0,0,0,0,0,0,0,0,0,0,0,0,0,0,0,0,0,0,0,0,0,0,0,0,0,0,0,0,0,0,0,0,0,0,0,0,0,0,0,0,0,0,0,0,0,0,0,0,0,2,0,0,0,0,0,0,0,0,0,0,0,0,0,0,0,0,0,0,0,0
W-P10-32-59,2021-06-08,05:40:00,59.25665,-118.479479,"['TEWA', 'SWTH', 'RCKI', 'NOWA', 'YRWA', 'WTSP', 'RUGR', 'UNPA', 'UNKN']",0,0,0,0,0,0,0,0,0,0,0,0,0,0,0,0,0,0,0,0,0,0,0,0,0,0,0,0,0,0,0,0,0,0,0,0,0,0,0,0,0,0,0,0,0,0,0,0,0,0,0,0,0,0,0,0,0,0,0,0,1,0,0,0,0,0,0,0,0,1,0,0,0,0,0,0,0,1,1,0,0,0,0,0,0,0,0,0,0,0,0,0,1,0,0,0,0,1
W-P10-6-4,2021-06-16,05:00:00,52.13691,-115.384853,"['UNAM', 'GCKI', 'SWTH', 'SWTH', 'SWTH']",0,0,0,0,0,0,0,0,0,0,0,0,0,0,0,0,0,0,0,0,0,0,0,0,0,0,0,0,0,0,0,0,0,0,1,0,0,0,0,0,0,0,0,0,0,0,0,0,0,0,0,0,0,0,0,0,0,0,0,0,0,0,0,0,0,0,0,0,0,0,0,0,0,0,0,0,0,3,0,0,0,0,0,0,0,0,0,0,0,0,0,0,0,0,0,0,0,0
W-P15-20-60,2021-06-06,05:20:00,55.1604,-111.663532,"['YEWA', 'YRWA', 'OVEN', 'YRWA', 'CAJA', 'PISI']",0,0,0,0,0,0,0,0,0,0,0,0,0,0,0,0,0,1,0,0,0,0,0,0,0,0,0,0,0,0,0,0,0,0,0,0,0,0,0,0,0,0,0,0,0,0,0,0,0,0,0,0,0,0,0,0,0,0,0,0,0,0,0,1,0,0,1,0,0,0,0,0,0,0,0,0,0,0,0,0,0,0,0,0,0,0,0,0,0,0,0,0,0,0,0,1,0,2
W-P15-21-5,2021-07-01,05:00:00,55.70154,-119.691306,"['WTSP', 'SWTH', 'YRWA', 'SWTH', 'YEWA', 'YRWA', 'AMRO', 'NONE']",0,0,0,0,1,0,0,0,0,0,0,0,0,0,0,0,0,0,0,0,0,0,0,0,0,0,0,0,0,0,0,0,0,0,0,0,0,0,0,0,0,0,0,0,0,0,0,0,0,0,0,0,0,0,0,0,0,0,0,1,0,0,0,0,0,0,0,0,0,0,0,0,0,0,0,0,0,2,0,0,0,0,0,0,0,0,0,0,0,0,0,0,1,0,0,1,0,2
W-P15-23-1,2021-06-08,05:20:00,56.02938,-115.335274,"['WIWA', 'RBGR', 'OCWA', 'ALFL', 'COYE', 'PAWA', 'HETH', 'WTSP', 'OCWA', 'OCWA', 'LISP', 'CCSP', 'COYE', 'WTSP', 'WIWA', 'AMRO', 'AMCR']",1,0,0,0,1,0,0,0,0,0,0,0,0,0,0,0,0,0,0,1,0,0,0,0,0,0,0,2,0,0,0,0,0,0,0,0,0,1,0,0,0,0,0,0,0,1,0,0,0,0,0,0,0,0,0,0,0,0,0,0,0,3,0,0,1,0,0,1,0,0,0,0,0,0,0,0,0,0,0,0,0,0,0,0,0,0,0,0,2,0,0,0,2,0,0,0,0,0
W-P15-23-30,2021-06-12,05:40:00,56.03909,-115.299673,"['COYE', 'TEWA', 'REVI', 'BAWW', 'ALFL', 'WTSP', 'SWTH', 'SWTH', 'AMCR', 'MAWA', 'CHSP', 'CAJA', 'REVI']",1,0,0,0,0,1,0,0,0,0,0,0,0,0,0,0,0,1,0,0,0,1,0,0,0,0,0,1,0,0,0,0,0,0,0,0,0,0,0,0,0,0,0,0,0,0,0,0,1,0,0,0,0,0,0,0,0,0,0,0,0,0,0,0,0,0,0,0,0,0,0,2,0,0,0,0,0,2,1,0,0,0,0,0,0,0,0,0,0,0,0,0,1,0,0,0,0,0
W-P15-29-24,2021-05-30,22:17:00,56.77556,-114.844342,"['BCFR', 'SWTH', 'NHOW', 'TEWA', 'TEWA', 'UNKN', 'BCCH', 'TEWA', 'LISP', 'TEWA', 'SWTH', 'RCKI', 'WTSP', 'WISN', 'TEWA', 'WTSP', 'SWTH', 'UNPA', 'UNWO', 'UNAM', 'UNKN', 'HETH', 'COLO']",0,0,0,0,0,0,0,1,1,0,0,0,0,0,0,0,0,0,0,0,0,0,0,0,0,0,0,0,0,0,0,0,0,0,0,0,0,1,0,0,0,0,0,0,0,1,0,0,0,0,0,0,0,0,0,0,0,0,0,0,0,0,0,0,0,0,0,0,0,1,0,0,0,0,0,0,0,3,5,0,0,0,0,0,0,0,0,0,0,0,0,0,2,0,0,0,0,0
W-P15-29-56,2021-05-31,22:40:00,56.86967,-114.665877,"['SWTH', 'WTSP', 'SWTH', 'OVEN', 'TEWA', 'TEWA', 'RUGR']",0,0,0,0,0,0,0,0,0,0,0,0,0,0,0,0,0,0,0,0,0,0,0,0,0,0,0,0,0,0,0,0,0,0,0,0,0,0,0,0,0,0,0,0,0,0,0,0,0,0,0,0,0,0,0,0,0,0,0,0,0,0,0,1,0,0,0,0,0,0,0,0,0,0,0,0,0,2,2,0,0,0,0,0,0,0,0,0,0,0,0,0,1,0,0,0,0,0
W-P15-30-12,2021-06-24,22:40:00,58.30692,-119.639219,"['NONE', 'REVI', 'REVI', 'UNPA', 'RESQ', 'UNPA']",0,0,0,0,0,0,0,0,0,0,0,0,0,0,0,0,0,0,0,0,0,0,0,0,0,0,0,0,0,0,0,0,0,0,0,0,0,0,0,0,0,0,0,0,0,0,0,0,0,0,0,0,0,0,0,0,0,0,0,1,0,0,0,0,0,0,0,0,0,0,1,2,0,0,0,0,0,0,0,0,0,0,0,0,0,0,0,0,0,0,0,0,0,0,0,0,0,0
W-P15-30-31,2021-06-26,22:00:00,58.34608,-119.61716,"['SWTH', 'BBWA']",0,0,0,0,0,0,1,0,0,0,0,0,0,0,0,0,0,0,0,0,0,0,0,0,0,0,0,0,0,0,0,0,0,0,0,0,0,0,0,0,0,0,0,0,0,0,0,0,0,0,0,0,0,0,0,0,0,0,0,0,0,0,0,0,0,0,0,0,0,0,0,0,0,0,0,0,0,1,0,0,0,0,0,0,0,0,0,0,0,0,0,0,0,0,0,0,0,0
W-P15-31-12,2021-05-31,22:20:00,57.84692,-115.56772,"['SWTH', 'TEWA', 'SWTH', 'TEWA', 'OVEN', 'SWTH', 'OVEN']",0,0,0,0,0,0,0,0,0,0,0,0,0,0,0,0,0,0,0,0,0,0,0,0,0,0,0,0,0,0,0,0,0,0,0,0,0,0,0,0,0,0,0,0,0,0,0,0,0,0,0,0,0,0,0,0,0,0,0,0,0,0,0,2,0,0,0,0,0,0,0,0,0,0,0,0,0,3,2,0,0,0,0,0,0,0,0,0,0,0,0,0,0,0,0,0,0,0
W-P15-32-60,2021-06-09,05:40:00,59.25706,-118.479469,"['RCKI', 'CHSP', 'SOSP', 'GCKI', 'YRWA', 'RUGR', 'AMRO', 'RESQ', 'RESQ']",0,0,0,0,1,0,0,0,0,0,0,0,0,0,0,0,0,0,0,0,0,1,0,0,0,0,0,0,0,0,0,0,0,0,1,0,0,0,0,0,0,0,0,0,0,0,0,0,0,0,0,0,0,0,0,0,0,0,0,0,0,0,0,0,0,0,0,0,0,1,2,0,0,0,0,1,0,0,0,0,0,0,0,0,0,0,0,0,0,0,0,0,0,0,0,0,0,1
W-P15-5-10,2021-06-25,05:20:00,51.48583,-115.184204,"['OSFL', 'AMRO', 'HETH', 'UNPA']",0,0,0,0,1,0,0,0,0,0,0,0,0,0,0,0,0,0,0,0,0,0,0,0,0,0,0,0,0,0,0,0,0,0,0,0,0,1,0,0,0,0,0,0,0,0,0,0,0,0,0,0,0,0,0,0,0,0,0,0,0,0,1,0,0,0,0,0,0,0,0,0,0,0,0,0,0,0,0,0,0,0,0,0,0,0,0,0,0,0,0,0,0,0,0,0,0,0
W-P15-7-17,2021-06-05,22:40:00,52.76225,-115.051825,"['SWTH', 'SWTH', 'SWTH', 'UNSH']",0,0,0,0,0,0,0,0,0,0,0,0,0,0,0,0,0,0,0,0,0,0,0,0,0,0,0,0,0,0,0,0,0,0,0,0,0,0,0,0,0,0,0,0,0,0,0,0,0,0,0,0,0,0,0,0,0,0,0,0,0,0,0,0,0,0,0,0,0,0,0,0,0,0,0,0,0,3,0,0,0,0,0,0,0,0,0,0,0,0,0,0,0,0,0,0,0,0
W-P5-10-33,2021-06-07,05:00:00,53.72993,-118.39399,"['AMRO', 'SWTH', 'SAVS', 'LISP', 'VATH', 'LISP', 'VATH', 'CHSP']",0,0,0,0,1,0,0,0,0,0,0,0,0,0,0,0,0,0,0,0,0,1,0,0,0,0,0,0,0,0,0,0,0,0,0,0,0,0,0,0,0,0,0,0,0,2,0,0,0,0,0,0,0,0,0,0,0,0,0,0,0,0,0,0,0,0,0,0,0,0,0,0,0,1,0,0,0,1,0,0,2,0,0,0,0,0,0,0,0,0,0,0,0,0,0,0,0,0
W-P5-19-36,2021-06-27,05:00:00,55.21601,-113.43671,"['TEWA', 'WIWR', 'LIWI', 'REVI', 'TEWA', 'OVEN', 'ALFL', 'WTSP', 'TEWA', 'OVEN', 'REVI', 'BTNW', 'SWTH', 'SWTH', 'TEWA', 'SWTH', 'TEWA', 'OVEN', 'WTSP', 'WTSP']",1,0,0,0,0,0,0,0,0,0,0,0,0,0,0,0,1,0,0,0,0,0,0,0,0,0,0,0,0,0,0,0,0,0,0,0,0,0,0,0,0,0,0,0,0,0,0,1,0,0,0,0,0,0,0,0,0,0,0,0,0,0,0,3,0,0,0,0,0,0,0,2,0,0,0,0,0,3,5,0,0,0,0,0,0,0,0,0,0,0,0,0,3,0,0,0,0,0
W-P5-20-50,2021-06-02,22:40:00,55.14858,-111.684808,"['LCSP', 'WISN', 'BCFR', 'AMRO', 'WTSP', 'NESP', 'YHBL', 'WTSP', 'SORA', 'WISN', 'SEWR', 'YERA', 'WISN', 'YERA']",0,0,0,0,1,0,0,0,1,0,0,0,0,0,0,0,0,0,0,0,0,0,0,0,0,0,0,0,0,0,0,0,0,0,0,0,0,0,0,0,1,0,0,0,0,0,0,0,0,0,0,0,0,0,0,0,0,1,0,0,0,0,0,0,0,0,0,0,0,0,0,0,0,0,1,0,0,0,0,0,0,0,0,0,0,0,0,0,0,0,0,0,2,0,0,0,1,0
W-P5-22-7,2021-06-23,05:40:00,56.24381,-116.841749,"['REVI', 'WTSP', 'TEWA', 'WTSP', 'OVEN', 'OVEN', 'HETH', 'OVEN', 'WTSP', 'OVEN', 'WTSP']",0,0,0,0,0,0,0,0,0,0,0,0,0,0,0,0,0,0,0,0,0,0,0,0,0,0,0,0,0,0,0,0,0,0,0,0,0,1,0,0,0,0,0,0,0,0,0,0,0,0,0,0,0,0,0,0,0,0,0,0,0,0,0,4,0,0,0,0,0,0,0,1,0,0,0,0,0,0,1,0,0,0,0,0,0,0,0,0,0,0,0,0,4,0,0,0,0,0
W-P5-23-3,2021-06-05,05:29:00,56.0303,-115.335692,"['ALFL', 'TEWA', 'COYE', 'LISP', 'CHSP', 'WTSP', 'CCSP', 'YEWA', 'ALFL', 'NOHA', 'YRWA', 'WTSP', 'HETH', 'COYE', 'YRWA', 'SWSP', 'ALFL', 'CCSP', 'SWTH']",3,0,0,0,0,0,0,0,0,0,0,0,0,0,0,0,0,0,0,2,0,1,0,0,0,0,0,2,0,0,0,0,0,0,0,0,0,1,0,0,0,0,0,0,0,1,0,0,0,0,0,0,0,0,0,0,0,0,0,0,0,0,0,0,0,0,0,0,0,0,0,0,0,0,0,0,1,1,1,0,0,0,0,0,0,0,0,0,0,0,0,0,2,0,0,1,0,2
W-P5-3-15,2021-06-21,22:40:00,49.97953,-114.428508,"['SWTH', 'SWTH', 'SWTH', 'WISN']",0,0,0,0,0,0,0,0,0,0,0,0,0,0,0,0,0,0,0,0,0,0,0,0,0,0,0,0,0,0,0,0,0,0,0,0,0,0,0,0,0,0,0,0,0,0,0,0,0,0,0,0,0,0,0,0,0,0,0,0,0,0,0,0,0,0,0,0,0,0,0,0,0,0,0,0,0,3,0,0,0,0,0,0,0,0,0,0,0,0,0,0,0,0,0,0,0,0
W-P5-5-12,2021-06-27,05:40:00,51.48598,-115.18547,"['HETH', 'DEJU', 'VATH', 'UNAM', 'RESQ', 'OSFL', 'CAJA']",0,0,0,0,0,0,0,0,0,0,0,0,0,0,0,0,0,1,0,0,0,0,0,0,0,0,0,0,0,1,0,0,0,0,0,0,0,1,0,0,0,0,0,0,0,0,0,0,0,0,0,0,0,0,0,0,0,0,0,0,0,0,1,0,0,0,0,0,0,0,1,0,0,0,0,0,0,0,0,0,1,0,0,0,0,0,0,0,0,0,0,0,0,0,0,0,0,0
W-P5-5-30,2021-06-23,22:40:00,51.51449,-115.146439,"['SWTH', 'SWTH', 'SWTH', 'AMRO']",0,0,0,0,1,0,0,0,0,0,0,0,0,0,0,0,0,0,0,0,0,0,0,0,0,0,0,0,0,0,0,0,0,0,0,0,0,0,0,0,0,0,0,0,0,0,0,0,0,0,0,0,0,0,0,0,0,0,0,0,0,0,0,0,0,0,0,0,0,0,0,0,0,0,0,0,0,3,0,0,0,0,0,0,0,0,0,0,0,0,0,0,0,0,0,0,0,0
W-P5-6-3,2021-06-16,05:20:00,52.13633,-115.385003,"['HETH', 'SWTH', 'RCKI', 'UNKN', 'CEDW', 'RESQ', 'RESQ', 'WTSP', 'HETH']",0,0,0,0,0,0,0,0,0,0,0,0,0,0,0,0,0,0,0,0,1,0,0,0,0,0,0,0,0,0,0,0,0,0,0,0,0,2,0,0,0,0,0,0,0,0,0,0,0,0,0,0,0,0,0,0,0,0,0,0,0,0,0,0,0,0,0,0,0,1,2,0,0,0,0,0,0,1,0,0,0,0,0,0,0,0,0,0,0,0,0,0,1,0,0,0,0,0
W-PD-16-27,2021-06-12,22:00:00,54.67779,-110.700208,"['BCFR', 'SWTH', 'SWTH', 'SWTH', 'NLFR']",0,0,0,0,0,0,0,0,1,0,0,0,0,0,0,0,0,0,0,0,0,0,0,0,0,0,0,0,0,0,0,0,0,0,0,0,0,0,0,0,0,0,0,0,0,0,0,0,0,0,0,0,0,0,0,0,0,0,1,0,0,0,0,0,0,0,0,0,0,0,0,0,0,0,0,0,0,3,0,0,0,0,0,0,0,0,0,0,0,0,0,0,0,0,0,0,0,0
W-PD-21-9,2021-07-01,22:00:00,55.7037,-119.691741,['NONE'],0,0,0,0,0,0,0,0,0,0,0,0,0,0,0,0,0,0,0,0,0,0,0,0,0,0,0,0,0,0,0,0,0,0,0,0,0,0,0,0,0,0,0,0,0,0,0,0,0,0,0,0,0,0,0,0,0,0,0,1,0,0,0,0,0,0,0,0,0,0,0,0,0,0,0,0,0,0,0,0,0,0,0,0,0,0,0,0,0,0,0,0,0,0,0,0,0,0
W-PD-29-17,2021-05-27,05:20:00,56.77397,-114.843607,"['TEWA', 'CHSP', 'CANG', 'TEWA', 'CHSP', 'BAWW', 'CHSP', 'SWTH', 'CANG', 'UNPA', 'WAVI', 'HETH', 'PIWO', 'WTSP', 'GRYE', 'UNWO', 'TEWA', 'RCKI', 'WTSP']",0,0,0,0,0,1,0,0,0,0,0,0,0,0,0,0,0,0,0,0,0,3,0,0,0,0,0,0,0,0,0,0,0,0,0,0,0,1,0,0,0,0,0,0,0,0,0,0,0,0,0,0,0,0,0,0,0,0,0,0,0,0,0,0,0,0,0,0,0,1,0,0,0,0,0,0,0,1,3,0,0,0,0,1,0,0,0,0,0,0,0,0,2,0,0,0,0,0
W-PD-29-52,2021-05-30,22:20:00,56.8697,-114.66905,"['LIBA', 'TEWA', 'SWTH', 'TEWA', 'TEWA', 'AMRO']",0,0,0,0,1,0,0,0,0,0,0,0,0,0,0,0,0,0,0,0,0,0,0,0,0,0,0,0,0,0,0,0,0,0,0,0,0,0,0,0,0,0,1,0,0,0,0,0,0,0,0,0,0,0,0,0,0,0,0,0,0,0,0,0,0,0,0,0,0,0,0,0,0,0,0,0,0,1,3,0,0,0,0,0,0,0,0,0,0,0,0,0,0,0,0,0,0,0
W-PD-30-27,2021-06-23,05:40:00,58.34576,-119.613526,"['PHVI', 'OVEN', 'OVEN', 'YRWA', 'BCCH', 'BCFR']",0,0,0,0,0,0,0,1,1,0,0,0,0,0,0,0,0,0,0,0,0,0,0,0,0,0,0,0,0,0,0,0,0,0,0,0,0,0,0,0,0,0,0,0,0,0,0,0,0,0,0,0,0,0,0,0,0,0,0,0,0,0,0,2,0,1,0,0,0,0,0,0,0,0,0,0,0,0,0,0,0,0,0,0,0,0,0,0,0,0,0,0,0,0,0,0,0,1
W-PD-31-13,2021-05-29,05:40:00,57.84838,-115.567167,"['CHSP', 'TEWA', 'TEWA', 'TEWA', 'OVEN', 'OVEN', 'TEWA', 'RUGR', 'SWTH', 'SWTH', 'SWTH', 'OVEN', 'UNPA', 'UNBI', 'GRYE']",0,0,0,0,0,0,0,0,0,0,0,0,0,0,0,0,0,0,0,0,0,1,0,0,0,0,0,0,0,0,0,0,0,0,0,0,0,0,0,0,0,0,0,0,0,0,0,0,0,0,0,0,0,0,0,0,0,0,0,0,0,0,0,3,0,0,0,0,0,0,0,0,0,0,0,0,0,3,4,0,0,0,0,0,0,0,0,0,0,0,0,0,0,0,0,0,0,0
W-PD-6-34,2021-06-15,05:00:00,52.15885,-115.362537,"['SWSP', 'ALFL', 'CHSP', 'SWTH', 'WTSP', 'AMRO', 'WTSP', 'UNPA', 'LISP', 'UNPA', 'WTSP']",1,0,0,0,1,0,0,0,0,0,0,0,0,0,0,0,0,0,0,0,0,1,0,0,0,0,0,0,0,0,0,0,0,0,0,0,0,0,0,0,0,0,0,0,0,1,0,0,0,0,0,0,0,0,0,0,0,0,0,0,0,0,0,0,0,0,0,0,0,0,0,0,0,0,0,0,1,1,0,0,0,0,0,0,0,0,0,0,0,0,0,0,3,0,0,0,0,0
